position_id,symbol,direction,open_time_utc,close_time_utc,entry_price,exit_price,price_delta,volume_in,volume_out,profit_sum,swap_sum,commission_sum,net_sum,magic,comment_last,close_ticket,strategy_id,sample_type,source_file,source_path,environment,symbol_folder,account_type,profile_strategy_id,profile_symbol,profile_side,profile_variant_number,profile_timeframe,profile_base_name,profile_display_name,profile_extended_display_name,profile_exit_label,profile_signal_label,profile_time_label,profile_exit_profile,profile_signal_family,profile_risk_model_type,profile_sl_pips,profile_tp_pips,profile_sl_coef,profile_tp_coef,profile_trailing_coef,profile_match_status,entry_bar_time_utc,exit_bar_time_utc,bars_in_trade_m15,first_bar_open,last_bar_close,highest_high_in_trade,lowest_low_in_trade,mfe_price,mae_price,raw_mfe_abs,raw_mae_abs,mfe_abs,mae_abs,mfe_vs_entry_pct,mae_vs_entry_pct,time_to_mfe_min,time_to_mae_min,realized_abs_move,profit_capture_ratio,bars_positive_close_count,bars_negative_close_count,ohlc_history_start_utc,ohlc_history_end_utc,path_consistency_flag,path_consistency_note,path_data_status,path_data_reason,mfe_to_profile_tp_ratio,mae_to_profile_sl_ratio
426,USDCHF,SELL,2024-07-19 07:15:00+00:00,2024-07-19 10:01:40+00:00,0.88902,0.88796,-0.00106,0.1,0.1,11.44,0.0,-0.5,10.94,,[tp 0.88796],426,0.91678,OOS,listOfTrades_USDCHF_35_3.1.133_SELL_M15.csv,C:\Users\Leon\Desktop\Business_Code\Quant_Structure\FTMO\Data_Center\Data\Trades\Raw\Backtest\DEMO_ACCOUNT\USDCHF\listOfTrades_USDCHF_35_3.1.133_SELL_M15.csv,DEMO_ACCOUNT,USDCHF,DEMO_ACCOUNT,,,,,,,,,,,,,,,,,,,,not_found,2024-07-19 07:15:00+00:00,2024-07-19 10:15:00+00:00,13,0.88902,0.88824,0.88961,0.88742,0.88742,0.88961,0.0016000000000000458,0.0005899999999999794,0.0016000000000000458,0.0005899999999999794,0.1799734539155526,0.06636521113135581,165.0,105.0,0.001060000000000061,0.6625000000000191,4,9,2022-01-18 05:30:00+00:00,2026-04-02 19:00:00+00:00,ok,,ok,,,
428,USDCHF,SELL,2024-07-22 08:45:00+00:00,2024-07-22 09:10:40+00:00,0.88883,0.88798,-0.00085,0.1,0.1,9.07,0.0,-0.5,8.57,,[tp 0.88798],428,0.91678,OOS,listOfTrades_USDCHF_35_3.1.133_SELL_M15.csv,C:\Users\Leon\Desktop\Business_Code\Quant_Structure\FTMO\Data_Center\Data\Trades\Raw\Backtest\DEMO_ACCOUNT\USDCHF\listOfTrades_USDCHF_35_3.1.133_SELL_M15.csv,DEMO_ACCOUNT,USDCHF,DEMO_ACCOUNT,,,,,,,,,,,,,,,,,,,,not_found,2024-07-22 08:45:00+00:00,2024-07-22 09:15:00+00:00,3,0.88883,0.88774,0.88899,0.88763,0.88763,0.88899,0.0011999999999999789,0.00015999999999993797,0.0011999999999999789,0.00015999999999993797,0.1350089443425603,0.01800119257900138,30.0,15.0,0.0008500000000000174,0.7083333333333603,3,0,2022-01-18 05:30:00+00:00,2026-04-02 19:00:00+00:00,ok,,ok,,,
430,USDCHF,SELL,2024-07-23 10:00:00+00:00,2024-07-23 13:15:40+00:00,0.89019,0.89117,0.0009799999999999,0.1,0.1,-11.5,0.0,-0.5,-12.0,,[sl 0.89117],430,0.91678,OOS,listOfTrades_USDCHF_35_3.1.133_SELL_M15.csv,C:\Users\Leon\Desktop\Business_Code\Quant_Structure\FTMO\Data_Center\Data\Trades\Raw\Backtest\DEMO_ACCOUNT\USDCHF\listOfTrades_USDCHF_35_3.1.133_SELL_M15.csv,DEMO_ACCOUNT,USDCHF,DEMO_ACCOUNT,,,,,,,,,,,,,,,,,,,,not_found,2024-07-23 10:00:00+00:00,2024-07-23 13:30:00+00:00,15,0.89019,0.89109,0.89134,0.88928,0.88928,0.89134,0.0009100000000000774,0.0011499999999999844,0.0009100000000000774,0.0011499999999999844,0.10222536761815763,0.12918590413282383,0.0,195.0,-0.0009799999999999809,-1.0769230769229643,9,6,2022-01-18 05:30:00+00:00,2026-04-02 19:00:00+00:00,ok,,ok,,,
432,USDCHF,SELL,2024-07-26 09:30:00+00:00,2024-07-26 11:02:40+00:00,0.88163,0.88277,0.00114,0.1,0.1,-13.41,0.0,-0.5,-13.91,,[sl 0.88277],432,0.91678,OOS,listOfTrades_USDCHF_35_3.1.133_SELL_M15.csv,C:\Users\Leon\Desktop\Business_Code\Quant_Structure\FTMO\Data_Center\Data\Trades\Raw\Backtest\DEMO_ACCOUNT\USDCHF\listOfTrades_USDCHF_35_3.1.133_SELL_M15.csv,DEMO_ACCOUNT,USDCHF,DEMO_ACCOUNT,,,,,,,,,,,,,,,,,,,,not_found,2024-07-26 09:30:00+00:00,2024-07-26 11:15:00+00:00,8,0.88163,0.88383,0.88392,0.88145,0.88145,0.88392,0.000180000000000069,0.0022900000000000142,0.000180000000000069,0.0022900000000000142,0.020416728105902587,0.25974615201388496,15.0,105.0,-0.0011400000000000299,-6.333333333331072,1,7,2022-01-18 05:30:00+00:00,2026-04-02 19:00:00+00:00,ok,,ok,,,
434,USDCHF,SELL,2024-07-29 11:15:00+00:00,2024-07-29 17:25:40+00:00,0.88531,0.88677,0.0014599999999999,0.1,0.1,-16.96,0.0,-0.5,-17.46,,[sl 0.88677],434,0.91678,OOS,listOfTrades_USDCHF_35_3.1.133_SELL_M15.csv,C:\Users\Leon\Desktop\Business_Code\Quant_Structure\FTMO\Data_Center\Data\Trades\Raw\Backtest\DEMO_ACCOUNT\USDCHF\listOfTrades_USDCHF_35_3.1.133_SELL_M15.csv,DEMO_ACCOUNT,USDCHF,DEMO_ACCOUNT,,,,,,,,,,,,,,,,,,,,not_found,2024-07-29 11:15:00+00:00,2024-07-29 17:30:00+00:00,26,0.88531,0.8871,0.88713,0.8841,0.8841,0.88713,0.0012100000000000444,0.0018199999999999328,0.0012100000000000444,0.0018199999999999328,0.1366752888818656,0.2055777072437827,150.0,375.0,-0.0014599999999999058,-1.2066115702478117,20,6,2022-01-18 05:30:00+00:00,2026-04-02 19:00:00+00:00,ok,,ok,,,
436,USDCHF,SELL,2024-07-30 09:30:00+00:00,2024-07-30 10:24:40+00:00,0.88702,0.88625,-0.00077,0.1,0.1,8.19,0.0,-0.5,7.689999999999999,,[tp 0.88625],436,0.91678,OOS,listOfTrades_USDCHF_35_3.1.133_SELL_M15.csv,C:\Users\Leon\Desktop\Business_Code\Quant_Structure\FTMO\Data_Center\Data\Trades\Raw\Backtest\DEMO_ACCOUNT\USDCHF\listOfTrades_USDCHF_35_3.1.133_SELL_M15.csv,DEMO_ACCOUNT,USDCHF,DEMO_ACCOUNT,,,,,,,,,,,,,,,,,,,,not_found,2024-07-30 09:30:00+00:00,2024-07-30 10:30:00+00:00,5,0.88702,0.88637,0.88754,0.88564,0.88564,0.88754,0.0013800000000000479,0.0005199999999999649,0.0013800000000000479,0.0005199999999999649,0.15557710085455206,0.05862325539446291,45.0,30.0,0.0007700000000000484,0.5579710144927693,3,2,2022-01-18 05:30:00+00:00,2026-04-02 19:00:00+00:00,ok,,ok,,,
438,USDCHF,SELL,2024-08-06 06:30:00+00:00,2024-08-06 15:45:40+00:00,0.85572,0.85291,-0.00281,0.1,0.1,32.45,0.0,-0.5,31.950000000000003,,[tp 0.85291],438,0.91678,OOS,listOfTrades_USDCHF_35_3.1.133_SELL_M15.csv,C:\Users\Leon\Desktop\Business_Code\Quant_Structure\FTMO\Data_Center\Data\Trades\Raw\Backtest\DEMO_ACCOUNT\USDCHF\listOfTrades_USDCHF_35_3.1.133_SELL_M15.csv,DEMO_ACCOUNT,USDCHF,DEMO_ACCOUNT,,,,,,,,,,,,,,,,,,,,not_found,2024-08-06 06:30:00+00:00,2024-08-06 16:00:00+00:00,39,0.85572,0.85208,0.85717,0.85194,0.85194,0.85717,0.0037800000000000056,0.0014499999999999513,0.0037800000000000056,0.0014499999999999513,0.4417332772402194,0.1694479502640994,570.0,135.0,0.00281000000000009,0.7433862433862661,27,12,2022-01-18 05:30:00+00:00,2026-04-02 19:00:00+00:00,ok,,ok,,,
440,USDCHF,SELL,2024-08-07 07:15:00+00:00,2024-08-07 10:02:40+00:00,0.85852,0.85596,-0.0025599999999998,0.1,0.1,29.41,0.0,-0.5,28.91,,[tp 0.85596],440,0.91678,OOS,listOfTrades_USDCHF_35_3.1.133_SELL_M15.csv,C:\Users\Leon\Desktop\Business_Code\Quant_Structure\FTMO\Data_Center\Data\Trades\Raw\Backtest\DEMO_ACCOUNT\USDCHF\listOfTrades_USDCHF_35_3.1.133_SELL_M15.csv,DEMO_ACCOUNT,USDCHF,DEMO_ACCOUNT,,,,,,,,,,,,,,,,,,,,not_found,2024-08-07 07:15:00+00:00,2024-08-07 10:15:00+00:00,13,0.85852,0.85476,0.85934,0.85461,0.85461,0.85934,0.003909999999999969,0.0008200000000000429,0.003909999999999969,0.0008200000000000429,0.45543493453850453,0.09551320877790184,180.0,75.0,0.0025599999999998957,0.65473145780049,9,4,2022-01-18 05:30:00+00:00,2026-04-02 19:00:00+00:00,ok,,ok,,,
442,USDCHF,SELL,2024-08-12 06:45:00+00:00,2024-08-12 08:49:40+00:00,0.86606,0.86747,0.0014099999999999,0.1,0.1,-16.75,0.0,-0.5,-17.25,,[sl 0.86747],442,0.91678,OOS,listOfTrades_USDCHF_35_3.1.133_SELL_M15.csv,C:\Users\Leon\Desktop\Business_Code\Quant_Structure\FTMO\Data_Center\Data\Trades\Raw\Backtest\DEMO_ACCOUNT\USDCHF\listOfTrades_USDCHF_35_3.1.133_SELL_M15.csv,DEMO_ACCOUNT,USDCHF,DEMO_ACCOUNT,,,,,,,,,,,,,,,,,,,,not_found,2024-08-12 06:45:00+00:00,2024-08-12 09:00:00+00:00,10,0.86606,0.86699,0.86756,0.86605,0.86605,0.86756,1.0000000000065512e-05,0.0014999999999999458,1.0000000000065512e-05,0.0014999999999999458,0.0011546544119420722,0.17319816179016992,45.0,120.0,-0.0014099999999999113,-140.99999999906743,0,10,2022-01-18 05:30:00+00:00,2026-04-02 19:00:00+00:00,ok,,ok,,,
444,USDCHF,SELL,2024-08-13 07:45:00+00:00,2024-08-13 09:02:40+00:00,0.86782,0.86651,-0.00131,0.1,0.1,14.62,0.0,-0.5,14.12,,[tp 0.86651],444,0.91678,OOS,listOfTrades_USDCHF_35_3.1.133_SELL_M15.csv,C:\Users\Leon\Desktop\Business_Code\Quant_Structure\FTMO\Data_Center\Data\Trades\Raw\Backtest\DEMO_ACCOUNT\USDCHF\listOfTrades_USDCHF_35_3.1.133_SELL_M15.csv,DEMO_ACCOUNT,USDCHF,DEMO_ACCOUNT,,,,,,,,,,,,,,,,,,,,not_found,2024-08-13 07:45:00+00:00,2024-08-13 09:15:00+00:00,7,0.86782,0.86715,0.86788,0.86625,0.86625,0.86788,0.0015700000000000713,5.999999999994898e-05,0.0015700000000000713,5.999999999994898e-05,0.18091309257680988,0.006913876149426031,75.0,0.0,0.0013100000000000334,0.8343949044585821,7,0,2022-01-18 05:30:00+00:00,2026-04-02 19:00:00+00:00,ok,,ok,,,
446,USDCHF,SELL,2024-08-21 10:45:00+00:00,2024-08-21 16:01:40+00:00,0.85519,0.85371,-0.00148,0.1,0.1,16.84,0.0,-0.5,16.34,,[tp 0.85371],446,0.91678,OOS,listOfTrades_USDCHF_35_3.1.133_SELL_M15.csv,C:\Users\Leon\Desktop\Business_Code\Quant_Structure\FTMO\Data_Center\Data\Trades\Raw\Backtest\DEMO_ACCOUNT\USDCHF\listOfTrades_USDCHF_35_3.1.133_SELL_M15.csv,DEMO_ACCOUNT,USDCHF,DEMO_ACCOUNT,,,,,,,,,,,,,,,,,,,,not_found,2024-08-21 10:45:00+00:00,2024-08-21 16:15:00+00:00,23,0.85519,0.85347,0.85611,0.8531,0.8531,0.85611,0.0020900000000000363,0.0009200000000000319,0.0020900000000000363,0.0009200000000000319,0.244390135525443,0.10757843286287631,315.0,0.0,0.0014800000000000368,0.7081339712918714,13,8,2022-01-18 05:30:00+00:00,2026-04-02 19:00:00+00:00,ok,,ok,,,
448,USDCHF,SELL,2024-08-23 09:15:00+00:00,2024-08-23 09:39:40+00:00,0.8522,0.85106,-0.0011399999999999,0.1,0.1,12.9,0.0,-0.5,12.4,,[tp 0.85106],448,0.91678,OOS,listOfTrades_USDCHF_35_3.1.133_SELL_M15.csv,C:\Users\Leon\Desktop\Business_Code\Quant_Structure\FTMO\Data_Center\Data\Trades\Raw\Backtest\DEMO_ACCOUNT\USDCHF\listOfTrades_USDCHF_35_3.1.133_SELL_M15.csv,DEMO_ACCOUNT,USDCHF,DEMO_ACCOUNT,,,,,,,,,,,,,,,,,,,,not_found,2024-08-23 09:15:00+00:00,2024-08-23 09:45:00+00:00,3,0.8522,0.851,0.85235,0.85047,0.85047,0.85235,0.0017300000000000093,0.0001500000000000945,0.0017300000000000093,0.0001500000000000945,0.20300398967378658,0.017601501994847984,30.0,0.0,0.0011399999999999189,0.6589595375722039,3,0,2022-01-18 05:30:00+00:00,2026-04-02 19:00:00+00:00,ok,,ok,,,
450,USDCHF,SELL,2024-08-26 08:45:00+00:00,2024-08-26 11:09:40+00:00,0.84759,0.8462,-0.00139,0.1,0.1,15.93,0.0,-0.5,15.43,,[tp 0.84620],450,0.91678,OOS,listOfTrades_USDCHF_35_3.1.133_SELL_M15.csv,C:\Users\Leon\Desktop\Business_Code\Quant_Structure\FTMO\Data_Center\Data\Trades\Raw\Backtest\DEMO_ACCOUNT\USDCHF\listOfTrades_USDCHF_35_3.1.133_SELL_M15.csv,DEMO_ACCOUNT,USDCHF,DEMO_ACCOUNT,,,,,,,,,,,,,,,,,,,,not_found,2024-08-26 08:45:00+00:00,2024-08-26 11:15:00+00:00,11,0.84759,0.84604,0.84786,0.84582,0.84582,0.84786,0.0017699999999999383,0.00026999999999999247,0.0017699999999999383,0.00026999999999999247,0.20882738116305505,0.031855024245212006,150.0,0.0,0.0013900000000000023,0.7853107344633056,11,0,2022-01-18 05:30:00+00:00,2026-04-02 19:00:00+00:00,ok,,ok,,,
452,USDCHF,SELL,2024-08-28 05:30:00+00:00,2024-08-28 08:30:40+00:00,0.84284,0.84417,0.0013299999999999,0.1,0.1,-16.26,0.0,-0.5,-16.76,,[sl 0.84417],452,0.91678,OOS,listOfTrades_USDCHF_35_3.1.133_SELL_M15.csv,C:\Users\Leon\Desktop\Business_Code\Quant_Structure\FTMO\Data_Center\Data\Trades\Raw\Backtest\DEMO_ACCOUNT\USDCHF\listOfTrades_USDCHF_35_3.1.133_SELL_M15.csv,DEMO_ACCOUNT,USDCHF,DEMO_ACCOUNT,,,,,,,,,,,,,,,,,,,,not_found,2024-08-28 05:30:00+00:00,2024-08-28 08:45:00+00:00,14,0.84284,0.84414,0.84421,0.8427,0.8427,0.84421,0.000140000000000029,0.0013699999999999823,0.000140000000000029,0.0013699999999999823,0.016610507332355962,0.16254567889516186,0.0,180.0,-0.0013299999999999423,-9.499999999997621,0,14,2022-01-18 05:30:00+00:00,2026-04-02 19:00:00+00:00,ok,,ok,,,
454,USDCHF,SELL,2024-08-30 06:45:00+00:00,2024-08-30 11:59:40+00:00,0.84759,0.84877,0.00118,0.1,0.1,-14.4,0.0,-0.5,-14.9,,[sl 0.84877],454,0.91678,OOS,listOfTrades_USDCHF_35_3.1.133_SELL_M15.csv,C:\Users\Leon\Desktop\Business_Code\Quant_Structure\FTMO\Data_Center\Data\Trades\Raw\Backtest\DEMO_ACCOUNT\USDCHF\listOfTrades_USDCHF_35_3.1.133_SELL_M15.csv,DEMO_ACCOUNT,USDCHF,DEMO_ACCOUNT,,,,,,,,,,,,,,,,,,,,not_found,2024-08-30 06:45:00+00:00,2024-08-30 12:00:00+00:00,22,0.84759,0.84863,0.84882,0.84706,0.84706,0.84882,0.0005299999999999194,0.0012300000000000644,0.0005299999999999194,0.0012300000000000644,0.06253023277763063,0.14511733267264412,255.0,315.0,-0.0011800000000000699,-2.226415094340093,3,18,2022-01-18 05:30:00+00:00,2026-04-02 19:00:00+00:00,ok,,ok,,,
456,USDCHF,SELL,2024-09-03 06:45:00+00:00,2024-09-03 09:17:40+00:00,0.85273,0.85168,-0.0010499999999999,0.1,0.1,11.83,0.0,-0.5,11.33,,[tp 0.85168],456,0.91678,OOS,listOfTrades_USDCHF_35_3.1.133_SELL_M15.csv,C:\Users\Leon\Desktop\Business_Code\Quant_Structure\FTMO\Data_Center\Data\Trades\Raw\Backtest\DEMO_ACCOUNT\USDCHF\listOfTrades_USDCHF_35_3.1.133_SELL_M15.csv,DEMO_ACCOUNT,USDCHF,DEMO_ACCOUNT,,,,,,,,,,,,,,,,,,,,not_found,2024-09-03 06:45:00+00:00,2024-09-03 09:30:00+00:00,12,0.85273,0.85139,0.85304,0.85107,0.85107,0.85304,0.0016599999999999948,0.00031000000000003247,0.0016599999999999948,0.00031000000000003247,0.1946688869865016,0.036353828292663856,150.0,165.0,0.0010499999999999954,0.6325301204819269,10,1,2022-01-18 05:30:00+00:00,2026-04-02 19:00:00+00:00,ok,,ok,,,
458,USDCHF,SELL,2024-09-09 07:15:00+00:00,2024-09-09 11:46:40+00:00,0.84579,0.84762,0.0018299999999999,0.1,0.1,-22.09,0.0,-0.5,-22.59,,[sl 0.84762],458,0.91678,OOS,listOfTrades_USDCHF_35_3.1.133_SELL_M15.csv,C:\Users\Leon\Desktop\Business_Code\Quant_Structure\FTMO\Data_Center\Data\Trades\Raw\Backtest\DEMO_ACCOUNT\USDCHF\listOfTrades_USDCHF_35_3.1.133_SELL_M15.csv,DEMO_ACCOUNT,USDCHF,DEMO_ACCOUNT,,,,,,,,,,,,,,,,,,,,not_found,2024-09-09 07:15:00+00:00,2024-09-09 12:00:00+00:00,20,0.84579,0.84791,0.84849,0.84545,0.84545,0.84849,0.00034000000000000696,0.0026999999999999247,0.00034000000000000696,0.0026999999999999247,0.040199103796451474,0.31922817720709923,15.0,270.0,-0.0018299999999999983,-5.3823529411763555,2,18,2022-01-18 05:30:00+00:00,2026-04-02 19:00:00+00:00,ok,,ok,,,
460,USDCHF,SELL,2024-09-20 12:15:00+00:00,2024-09-20 17:20:40+00:00,0.84817,0.85008,0.0019099999999999,0.1,0.1,-22.97,0.0,-0.5,-23.47,,[sl 0.85008],460,0.91678,OOS,listOfTrades_USDCHF_35_3.1.133_SELL_M15.csv,C:\Users\Leon\Desktop\Business_Code\Quant_Structure\FTMO\Data_Center\Data\Trades\Raw\Backtest\DEMO_ACCOUNT\USDCHF\listOfTrades_USDCHF_35_3.1.133_SELL_M15.csv,DEMO_ACCOUNT,USDCHF,DEMO_ACCOUNT,,,,,,,,,,,,,,,,,,,,not_found,2024-09-20 12:15:00+00:00,2024-09-20 17:30:00+00:00,22,0.84817,0.84999,0.8508,0.84728,0.84728,0.8508,0.0008899999999999464,0.002630000000000021,0.0008899999999999464,0.002630000000000021,0.10493179433367678,0.31007934730066156,210.0,300.0,-0.0019099999999999673,-2.1460674157304296,3,19,2022-01-18 05:30:00+00:00,2026-04-02 19:00:00+00:00,ok,,ok,,,
462,USDCHF,SELL,2024-09-24 09:15:00+00:00,2024-09-24 17:07:40+00:00,0.84792,0.84661,-0.00131,0.1,0.1,14.97,0.0,-0.5,14.47,,[tp 0.84661],462,0.91678,OOS,listOfTrades_USDCHF_35_3.1.133_SELL_M15.csv,C:\Users\Leon\Desktop\Business_Code\Quant_Structure\FTMO\Data_Center\Data\Trades\Raw\Backtest\DEMO_ACCOUNT\USDCHF\listOfTrades_USDCHF_35_3.1.133_SELL_M15.csv,DEMO_ACCOUNT,USDCHF,DEMO_ACCOUNT,,,,,,,,,,,,,,,,,,,,not_found,2024-09-24 09:15:00+00:00,2024-09-24 17:15:00+00:00,33,0.84792,0.84503,0.84897,0.84497,0.84497,0.84897,0.002950000000000008,0.0010499999999999954,0.002950000000000008,0.0010499999999999954,0.3479101802056807,0.12383243702236005,480.0,15.0,0.0013100000000000334,0.4440677966101796,13,17,2022-01-18 05:30:00+00:00,2026-04-02 19:00:00+00:00,ok,,ok,,,
464,USDCHF,SELL,2024-09-25 05:15:00+00:00,2024-09-25 10:22:40+00:00,0.84266,0.84406,0.0014,0.1,0.1,-17.09,0.0,-0.5,-17.59,,[sl 0.84406],464,0.91678,OOS,listOfTrades_USDCHF_35_3.1.133_SELL_M15.csv,C:\Users\Leon\Desktop\Business_Code\Quant_Structure\FTMO\Data_Center\Data\Trades\Raw\Backtest\DEMO_ACCOUNT\USDCHF\listOfTrades_USDCHF_35_3.1.133_SELL_M15.csv,DEMO_ACCOUNT,USDCHF,DEMO_ACCOUNT,,,,,,,,,,,,,,,,,,,,not_found,2024-09-25 05:15:00+00:00,2024-09-25 10:30:00+00:00,22,0.84266,0.84443,0.84467,0.84151,0.84151,0.84467,0.0011499999999999844,0.0020100000000000673,0.0011499999999999844,0.0020100000000000673,0.1364725986756206,0.23853036812000894,255.0,315.0,-0.0014000000000000679,-1.2173913043479017,19,3,2022-01-18 05:30:00+00:00,2026-04-02 19:00:00+00:00,ok,,ok,,,
466,USDCHF,SELL,2024-09-27 07:15:00+00:00,2024-09-27 09:23:40+00:00,0.848,0.84654,-0.00146,0.1,0.1,16.75,0.0,-0.5,16.25,,[tp 0.84654],466,0.91678,OOS,listOfTrades_USDCHF_35_3.1.133_SELL_M15.csv,C:\Users\Leon\Desktop\Business_Code\Quant_Structure\FTMO\Data_Center\Data\Trades\Raw\Backtest\DEMO_ACCOUNT\USDCHF\listOfTrades_USDCHF_35_3.1.133_SELL_M15.csv,DEMO_ACCOUNT,USDCHF,DEMO_ACCOUNT,,,,,,,,,,,,,,,,,,,,not_found,2024-09-27 07:15:00+00:00,2024-09-27 09:30:00+00:00,10,0.848,0.84688,0.8493,0.84547,0.84547,0.8493,0.002529999999999921,0.0013000000000000789,0.002529999999999921,0.0013000000000000789,0.2983490566037643,0.15330188679246215,120.0,60.0,0.0014600000000000168,0.5770750988142539,4,6,2022-01-18 05:30:00+00:00,2026-04-02 19:00:00+00:00,ok,,ok,,,
468,USDCHF,SELL,2024-09-30 06:45:00+00:00,2024-09-30 10:44:40+00:00,0.84182,0.84325,0.00143,0.1,0.1,-17.46,0.0,-0.5,-17.96,,[sl 0.84325],468,0.91678,OOS,listOfTrades_USDCHF_35_3.1.133_SELL_M15.csv,C:\Users\Leon\Desktop\Business_Code\Quant_Structure\FTMO\Data_Center\Data\Trades\Raw\Backtest\DEMO_ACCOUNT\USDCHF\listOfTrades_USDCHF_35_3.1.133_SELL_M15.csv,DEMO_ACCOUNT,USDCHF,DEMO_ACCOUNT,,,,,,,,,,,,,,,,,,,,not_found,2024-09-30 06:45:00+00:00,2024-09-30 10:45:00+00:00,17,0.84182,0.84274,0.84328,0.84059,0.84059,0.84328,0.0012300000000000644,0.0014600000000000168,0.0012300000000000644,0.0014600000000000168,0.14611199543846243,0.17343375068304587,105.0,240.0,-0.0014300000000000423,-1.1626016260162337,13,4,2022-01-18 05:30:00+00:00,2026-04-02 19:00:00+00:00,ok,,ok,,,
470,USDCHF,SELL,2024-10-01 06:30:00+00:00,2024-10-01 15:55:40+00:00,0.84642,0.84814,0.00172,0.1,0.1,-20.78,0.0,-0.5,-21.28,,[sl 0.84814],470,0.91678,OOS,listOfTrades_USDCHF_35_3.1.133_SELL_M15.csv,C:\Users\Leon\Desktop\Business_Code\Quant_Structure\FTMO\Data_Center\Data\Trades\Raw\Backtest\DEMO_ACCOUNT\USDCHF\listOfTrades_USDCHF_35_3.1.133_SELL_M15.csv,DEMO_ACCOUNT,USDCHF,DEMO_ACCOUNT,,,,,,,,,,,,,,,,,,,,not_found,2024-10-01 06:30:00+00:00,2024-10-01 16:00:00+00:00,39,0.84642,0.8473,0.84819,0.84539,0.84539,0.84819,0.0010299999999999754,0.0017700000000000493,0.0010299999999999754,0.0017700000000000493,0.12168899600670771,0.20911604168144057,135.0,555.0,-0.0017200000000000548,-1.6699029126214524,10,29,2022-01-18 05:30:00+00:00,2026-04-02 19:00:00+00:00,ok,,ok,,,
472,USDCHF,SELL,2024-10-02 06:45:00+00:00,2024-10-02 07:56:40+00:00,0.84674,0.84533,-0.00141,0.1,0.1,16.18,0.0,-0.5,15.68,,[tp 0.84533],472,0.91678,OOS,listOfTrades_USDCHF_35_3.1.133_SELL_M15.csv,C:\Users\Leon\Desktop\Business_Code\Quant_Structure\FTMO\Data_Center\Data\Trades\Raw\Backtest\DEMO_ACCOUNT\USDCHF\listOfTrades_USDCHF_35_3.1.133_SELL_M15.csv,DEMO_ACCOUNT,USDCHF,DEMO_ACCOUNT,,,,,,,,,,,,,,,,,,,,not_found,2024-10-02 06:45:00+00:00,2024-10-02 08:00:00+00:00,6,0.84674,0.84605,0.84683,0.84515,0.84515,0.84683,0.0015900000000000913,8.999999999992347e-05,0.0015900000000000913,8.999999999992347e-05,0.18777901126675145,0.010629000637731,60.0,0.0,0.0014100000000000223,0.8867924528301518,6,0,2022-01-18 05:30:00+00:00,2026-04-02 19:00:00+00:00,ok,,ok,,,
474,USDCHF,SELL,2024-12-02 05:45:00+00:00,2024-12-02 12:03:40+00:00,0.88467,0.88634,0.00167,0.1,0.1,-19.34,0.0,-0.5,-19.84,,[sl 0.88634],474,0.91678,OOS,listOfTrades_USDCHF_35_3.1.133_SELL_M15.csv,C:\Users\Leon\Desktop\Business_Code\Quant_Structure\FTMO\Data_Center\Data\Trades\Raw\Backtest\DEMO_ACCOUNT\USDCHF\listOfTrades_USDCHF_35_3.1.133_SELL_M15.csv,DEMO_ACCOUNT,USDCHF,DEMO_ACCOUNT,,,,,,,,,,,,,,,,,,,,not_found,2024-12-02 05:45:00+00:00,2024-12-02 12:15:00+00:00,27,0.88467,0.88563,0.88628,0.8835,0.8835,0.88628,0.0011700000000000044,0.0016100000000000003,0.0011700000000000044,0.0016700000000000603,0.13225270439825068,0.18877095414109898,180.0,375.0,-0.0016700000000000603,-1.4273504273504736,11,16,2022-01-18 05:30:00+00:00,2026-04-02 19:00:00+00:00,adjusted,raw_mae_below_realized_loss_adjusted,ok,,,
476,USDCHF,SELL,2024-12-06 09:30:00+00:00,2024-12-06 10:02:40+00:00,0.87953,0.87849,-0.00104,0.1,0.1,11.34,0.0,-0.5,10.84,,[tp 0.87849],476,0.91678,OOS,listOfTrades_USDCHF_35_3.1.133_SELL_M15.csv,C:\Users\Leon\Desktop\Business_Code\Quant_Structure\FTMO\Data_Center\Data\Trades\Raw\Backtest\DEMO_ACCOUNT\USDCHF\listOfTrades_USDCHF_35_3.1.133_SELL_M15.csv,DEMO_ACCOUNT,USDCHF,DEMO_ACCOUNT,,,,,,,,,,,,,,,,,,,,not_found,2024-12-06 09:30:00+00:00,2024-12-06 10:15:00+00:00,4,0.87953,0.87887,0.87965,0.87796,0.87796,0.87965,0.0015700000000000713,0.00012000000000000899,0.0015700000000000713,0.00012000000000000899,0.17850442850159418,0.013643650586109512,30.0,0.0,0.001040000000000041,0.6624203821656011,4,0,2022-01-18 05:30:00+00:00,2026-04-02 19:00:00+00:00,ok,,ok,,,
478,USDCHF,SELL,2024-12-09 05:30:00+00:00,2024-12-09 13:13:40+00:00,0.87952,0.87832,-0.0011999999999999,0.1,0.1,13.16,0.0,-0.5,12.66,,[tp 0.87832],478,0.91678,OOS,listOfTrades_USDCHF_35_3.1.133_SELL_M15.csv,C:\Users\Leon\Desktop\Business_Code\Quant_Structure\FTMO\Data_Center\Data\Trades\Raw\Backtest\DEMO_ACCOUNT\USDCHF\listOfTrades_USDCHF_35_3.1.133_SELL_M15.csv,DEMO_ACCOUNT,USDCHF,DEMO_ACCOUNT,,,,,,,,,,,,,,,,,,,,not_found,2024-12-09 05:30:00+00:00,2024-12-09 13:15:00+00:00,32,0.87952,0.87859,0.88039,0.87814,0.87814,0.88039,0.0013799999999999368,0.0008700000000000374,0.0013799999999999368,0.0008700000000000374,0.1569037656903694,0.09891759141350254,465.0,60.0,0.0011999999999999789,0.8695652173913289,8,24,2022-01-18 05:30:00+00:00,2026-04-02 19:00:00+00:00,ok,,ok,,,
480,USDCHF,SELL,2024-12-10 10:15:00+00:00,2024-12-10 11:48:40+00:00,0.87939,0.88065,0.00126,0.1,0.1,-14.81,0.0,-0.5,-15.31,,[sl 0.88065],480,0.91678,OOS,listOfTrades_USDCHF_35_3.1.133_SELL_M15.csv,C:\Users\Leon\Desktop\Business_Code\Quant_Structure\FTMO\Data_Center\Data\Trades\Raw\Backtest\DEMO_ACCOUNT\USDCHF\listOfTrades_USDCHF_35_3.1.133_SELL_M15.csv,DEMO_ACCOUNT,USDCHF,DEMO_ACCOUNT,,,,,,,,,,,,,,,,,,,,not_found,2024-12-10 10:15:00+00:00,2024-12-10 12:00:00+00:00,8,0.87939,0.87969,0.88076,0.87884,0.87884,0.88076,0.0005500000000000504,0.0013699999999999823,0.0005500000000000504,0.0013699999999999823,0.06254335391578827,0.15578980884476537,15.0,90.0,-0.0012600000000000389,-2.2909090909089516,2,6,2022-01-18 05:30:00+00:00,2026-04-02 19:00:00+00:00,ok,,ok,,,
482,USDCHF,SELL,2025-01-22 07:30:00+00:00,2025-01-22 10:26:40+00:00,0.90709,0.90584,-0.0012499999999999,0.1,0.1,13.3,0.0,-0.5,12.8,,[tp 0.90584],482,0.91678,OOS,listOfTrades_USDCHF_35_3.1.133_SELL_M15.csv,C:\Users\Leon\Desktop\Business_Code\Quant_Structure\FTMO\Data_Center\Data\Trades\Raw\Backtest\DEMO_ACCOUNT\USDCHF\listOfTrades_USDCHF_35_3.1.133_SELL_M15.csv,DEMO_ACCOUNT,USDCHF,DEMO_ACCOUNT,,,,,,,,,,,,,,,,,,,,not_found,2025-01-22 07:30:00+00:00,2025-01-22 10:30:00+00:00,13,0.90709,0.90533,0.90724,0.90497,0.90497,0.90724,0.0021199999999998997,0.0001500000000000945,0.0021199999999998997,0.0001500000000000945,0.23371440540628824,0.01653639660894669,180.0,75.0,0.0012499999999999734,0.5896226415094493,12,1,2022-01-18 05:30:00+00:00,2026-04-02 19:00:00+00:00,ok,,ok,,,
484,USDCHF,SELL,2025-01-28 06:15:00+00:00,2025-01-28 23:45:00+00:00,0.90561,0.9042,-0.00141,0.1,0.1,15.09,0.0,-0.5,14.59,,Strategy 3.1.133,484,0.91678,OOS,listOfTrades_USDCHF_35_3.1.133_SELL_M15.csv,C:\Users\Leon\Desktop\Business_Code\Quant_Structure\FTMO\Data_Center\Data\Trades\Raw\Backtest\DEMO_ACCOUNT\USDCHF\listOfTrades_USDCHF_35_3.1.133_SELL_M15.csv,DEMO_ACCOUNT,USDCHF,DEMO_ACCOUNT,,,,,,,,,,,,,,,,,,,,not_found,2025-01-28 06:15:00+00:00,2025-01-28 23:45:00+00:00,71,0.90561,0.90406,0.90707,0.90382,0.90382,0.90707,0.0017900000000000693,0.0014600000000000168,0.0017900000000000693,0.0014600000000000168,0.19765682799439818,0.16121730104570586,930.0,270.0,0.0014100000000000223,0.7877094972066859,45,26,2022-01-18 05:30:00+00:00,2026-04-02 19:00:00+00:00,ok,,ok,,,
486,USDCHF,SELL,2025-01-29 09:30:00+00:00,2025-01-29 11:04:40+00:00,0.90488,0.90592,0.0010399999999999,0.1,0.1,-11.98,0.0,-0.5,-12.48,,[sl 0.90592],486,0.91678,OOS,listOfTrades_USDCHF_35_3.1.133_SELL_M15.csv,C:\Users\Leon\Desktop\Business_Code\Quant_Structure\FTMO\Data_Center\Data\Trades\Raw\Backtest\DEMO_ACCOUNT\USDCHF\listOfTrades_USDCHF_35_3.1.133_SELL_M15.csv,DEMO_ACCOUNT,USDCHF,DEMO_ACCOUNT,,,,,,,,,,,,,,,,,,,,not_found,2025-01-29 09:30:00+00:00,2025-01-29 11:15:00+00:00,8,0.90488,0.90561,0.90622,0.90455,0.90455,0.90622,0.0003300000000000525,0.0013400000000000079,0.0003300000000000525,0.0013400000000000079,0.036468924056234246,0.14808593404650428,45.0,90.0,-0.0010399999999999299,-3.1515151515144377,0,8,2022-01-18 05:30:00+00:00,2026-04-02 19:00:00+00:00,ok,,ok,,,
488,USDCHF,SELL,2025-02-07 07:45:00+00:00,2025-02-07 14:06:20+00:00,0.90624,0.90719,0.00095,0.1,0.1,-10.97,0.0,-0.5,-11.47,,[sl 0.90719],488,0.91678,OOS,listOfTrades_USDCHF_35_3.1.133_SELL_M15.csv,C:\Users\Leon\Desktop\Business_Code\Quant_Structure\FTMO\Data_Center\Data\Trades\Raw\Backtest\DEMO_ACCOUNT\USDCHF\listOfTrades_USDCHF_35_3.1.133_SELL_M15.csv,DEMO_ACCOUNT,USDCHF,DEMO_ACCOUNT,,,,,,,,,,,,,,,,,,,,not_found,2025-02-07 07:45:00+00:00,2025-02-07 14:15:00+00:00,27,0.90624,0.90721,0.90726,0.90553,0.90553,0.90726,0.0007100000000000994,0.0010199999999999099,0.0007100000000000994,0.0010199999999999099,0.07834569209040644,0.11255296610168497,225.0,390.0,-0.0009500000000000064,-1.3380281690139062,12,15,2022-01-18 05:30:00+00:00,2026-04-02 19:00:00+00:00,ok,,ok,,,
490,USDCHF,SELL,2025-02-14 05:15:00+00:00,2025-02-14 11:08:40+00:00,0.90389,0.90263,-0.0012599999999999,0.1,0.1,13.46,0.0,-0.5,12.96,,[tp 0.90263],490,0.91678,OOS,listOfTrades_USDCHF_35_3.1.133_SELL_M15.csv,C:\Users\Leon\Desktop\Business_Code\Quant_Structure\FTMO\Data_Center\Data\Trades\Raw\Backtest\DEMO_ACCOUNT\USDCHF\listOfTrades_USDCHF_35_3.1.133_SELL_M15.csv,DEMO_ACCOUNT,USDCHF,DEMO_ACCOUNT,,,,,,,,,,,,,,,,,,,,not_found,2025-02-14 05:15:00+00:00,2025-02-14 11:15:00+00:00,25,0.90389,0.90146,0.9049,0.90116,0.90116,0.9049,0.00273000000000001,0.0010100000000000664,0.00273000000000001,0.0010100000000000664,0.3020279016251989,0.1117392603082307,360.0,285.0,0.0012599999999999278,0.46153846153843336,7,18,2022-01-18 05:30:00+00:00,2026-04-02 19:00:00+00:00,ok,,ok,,,
492,USDCHF,SELL,2025-02-17 06:00:00+00:00,2025-02-17 23:45:00+00:00,0.90034,0.90088,0.0005399999999999,0.1,0.1,-6.49,0.0,-0.5,-6.99,,Strategy 3.1.133,492,0.91678,OOS,listOfTrades_USDCHF_35_3.1.133_SELL_M15.csv,C:\Users\Leon\Desktop\Business_Code\Quant_Structure\FTMO\Data_Center\Data\Trades\Raw\Backtest\DEMO_ACCOUNT\USDCHF\listOfTrades_USDCHF_35_3.1.133_SELL_M15.csv,DEMO_ACCOUNT,USDCHF,DEMO_ACCOUNT,,,,,,,,,,,,,,,,,,,,not_found,2025-02-17 06:00:00+00:00,2025-02-17 23:45:00+00:00,72,0.90034,0.90077,0.90179,0.8992,0.8992,0.90179,0.0011400000000000299,0.0014499999999999513,0.0011400000000000299,0.0014499999999999513,0.12661883288535772,0.16105026989803312,45.0,525.0,-0.0005399999999999849,-0.4736842105262902,18,54,2022-01-18 05:30:00+00:00,2026-04-02 19:00:00+00:00,ok,,ok,,,
494,USDCHF,SELL,2025-02-18 06:00:00+00:00,2025-02-18 07:31:40+00:00,0.90228,0.90326,0.0009799999999999,0.1,0.1,-11.35,0.0,-0.5,-11.85,,[sl 0.90326],494,0.91678,OOS,listOfTrades_USDCHF_35_3.1.133_SELL_M15.csv,C:\Users\Leon\Desktop\Business_Code\Quant_Structure\FTMO\Data_Center\Data\Trades\Raw\Backtest\DEMO_ACCOUNT\USDCHF\listOfTrades_USDCHF_35_3.1.133_SELL_M15.csv,DEMO_ACCOUNT,USDCHF,DEMO_ACCOUNT,,,,,,,,,,,,,,,,,,,,not_found,2025-02-18 06:00:00+00:00,2025-02-18 07:45:00+00:00,8,0.90228,0.90317,0.90343,0.90217,0.90217,0.90343,0.00010999999999994348,0.0011499999999999844,0.00010999999999994348,0.0011499999999999844,0.012191337500547886,0.12745489205124622,0.0,105.0,-0.0009799999999999809,-8.909090909095314,1,7,2022-01-18 05:30:00+00:00,2026-04-02 19:00:00+00:00,ok,,ok,,,
496,USDCHF,SELL,2025-02-19 10:30:00+00:00,2025-02-19 13:02:40+00:00,0.9047,0.90357,-0.0011299999999999,0.1,0.1,12.01,0.0,-0.5,11.51,,[tp 0.90357],496,0.91678,OOS,listOfTrades_USDCHF_35_3.1.133_SELL_M15.csv,C:\Users\Leon\Desktop\Business_Code\Quant_Structure\FTMO\Data_Center\Data\Trades\Raw\Backtest\DEMO_ACCOUNT\USDCHF\listOfTrades_USDCHF_35_3.1.133_SELL_M15.csv,DEMO_ACCOUNT,USDCHF,DEMO_ACCOUNT,,,,,,,,,,,,,,,,,,,,not_found,2025-02-19 10:30:00+00:00,2025-02-19 13:15:00+00:00,12,0.9047,0.90395,0.90514,0.90322,0.90322,0.90514,0.0014799999999999258,0.00043999999999999595,0.0014799999999999258,0.00043999999999999595,0.16359014037801767,0.04863490659887211,150.0,90.0,0.0011299999999999644,0.7635135135135277,10,2,2022-01-18 05:30:00+00:00,2026-04-02 19:00:00+00:00,ok,,ok,,,
498,USDCHF,SELL,2025-02-24 11:30:00+00:00,2025-02-24 17:07:40+00:00,0.89888,0.89731,-0.0015699999999999,0.1,0.1,17.0,0.0,-0.5,16.5,,[tp 0.89731],498,0.91678,OOS,listOfTrades_USDCHF_35_3.1.133_SELL_M15.csv,C:\Users\Leon\Desktop\Business_Code\Quant_Structure\FTMO\Data_Center\Data\Trades\Raw\Backtest\DEMO_ACCOUNT\USDCHF\listOfTrades_USDCHF_35_3.1.133_SELL_M15.csv,DEMO_ACCOUNT,USDCHF,DEMO_ACCOUNT,,,,,,,,,,,,,,,,,,,,not_found,2025-02-24 11:30:00+00:00,2025-02-24 17:15:00+00:00,24,0.89888,0.89715,0.89982,0.89707,0.89707,0.89982,0.0018099999999999783,0.0009399999999999409,0.0018099999999999783,0.0009399999999999409,0.20136169455321934,0.10457458170166661,345.0,120.0,0.0015699999999999603,0.8674033149171155,10,14,2022-01-18 05:30:00+00:00,2026-04-02 19:00:00+00:00,ok,,ok,,,
500,USDCHF,SELL,2025-02-26 06:15:00+00:00,2025-02-26 11:26:40+00:00,0.89385,0.89518,0.0013299999999999,0.1,0.1,-15.36,0.0,-0.5,-15.86,,[sl 0.89518],500,0.91678,OOS,listOfTrades_USDCHF_35_3.1.133_SELL_M15.csv,C:\Users\Leon\Desktop\Business_Code\Quant_Structure\FTMO\Data_Center\Data\Trades\Raw\Backtest\DEMO_ACCOUNT\USDCHF\listOfTrades_USDCHF_35_3.1.133_SELL_M15.csv,DEMO_ACCOUNT,USDCHF,DEMO_ACCOUNT,,,,,,,,,,,,,,,,,,,,not_found,2025-02-26 06:15:00+00:00,2025-02-26 11:30:00+00:00,22,0.89385,0.89476,0.89517,0.89348,0.89348,0.89517,0.00036999999999998145,0.0013199999999999878,0.00036999999999998145,0.0013299999999999423,0.04139396990546305,0.1487945404709898,15.0,300.0,-0.0013299999999999423,-3.5945945945946187,2,20,2022-01-18 05:30:00+00:00,2026-04-02 19:00:00+00:00,adjusted,raw_mae_below_realized_loss_adjusted,ok,,,
502,USDCHF,SELL,2025-02-28 09:30:00+00:00,2025-02-28 09:46:40+00:00,0.9007,0.9019,0.0012,0.1,0.1,-13.81,0.0,-0.5,-14.31,,[sl 0.90190],502,0.91678,OOS,listOfTrades_USDCHF_35_3.1.133_SELL_M15.csv,C:\Users\Leon\Desktop\Business_Code\Quant_Structure\FTMO\Data_Center\Data\Trades\Raw\Backtest\DEMO_ACCOUNT\USDCHF\listOfTrades_USDCHF_35_3.1.133_SELL_M15.csv,DEMO_ACCOUNT,USDCHF,DEMO_ACCOUNT,,,,,,,,,,,,,,,,,,,,not_found,2025-02-28 09:30:00+00:00,2025-02-28 10:00:00+00:00,3,0.9007,0.90124,0.90227,0.90069,0.90069,0.90227,9.99999999995449e-06,0.0015700000000000713,9.99999999995449e-06,0.0015700000000000713,0.0011102475852064495,0.17430887087821376,0.0,15.0,-0.0012000000000000899,-120.00000000055512,0,3,2022-01-18 05:30:00+00:00,2026-04-02 19:00:00+00:00,ok,,ok,,,
504,USDCHF,SELL,2025-03-05 05:45:00+00:00,2025-03-05 07:58:40+00:00,0.89125,0.88963,-0.0016199999999999,0.1,0.1,17.71,0.0,-0.5,17.21,,[tp 0.88963],504,0.91678,OOS,listOfTrades_USDCHF_35_3.1.133_SELL_M15.csv,C:\Users\Leon\Desktop\Business_Code\Quant_Structure\FTMO\Data_Center\Data\Trades\Raw\Backtest\DEMO_ACCOUNT\USDCHF\listOfTrades_USDCHF_35_3.1.133_SELL_M15.csv,DEMO_ACCOUNT,USDCHF,DEMO_ACCOUNT,,,,,,,,,,,,,,,,,,,,not_found,2025-03-05 05:45:00+00:00,2025-03-05 08:00:00+00:00,10,0.89125,0.88922,0.89129,0.88907,0.88907,0.89129,0.0021799999999999597,4.0000000000040004e-05,0.0021799999999999597,4.0000000000040004e-05,0.24460028050490432,0.004488078541378963,135.0,0.0,0.0016199999999999548,0.7431192660550389,10,0,2022-01-18 05:30:00+00:00,2026-04-02 19:00:00+00:00,ok,,ok,,,
506,USDCHF,SELL,2025-03-10 05:15:00+00:00,2025-03-10 11:01:40+00:00,0.87836,0.88033,0.0019699999999999,0.1,0.1,-22.88,0.0,-0.5,-23.38,,[sl 0.88033],506,0.91678,OOS,listOfTrades_USDCHF_35_3.1.133_SELL_M15.csv,C:\Users\Leon\Desktop\Business_Code\Quant_Structure\FTMO\Data_Center\Data\Trades\Raw\Backtest\DEMO_ACCOUNT\USDCHF\listOfTrades_USDCHF_35_3.1.133_SELL_M15.csv,DEMO_ACCOUNT,USDCHF,DEMO_ACCOUNT,,,,,,,,,,,,,,,,,,,,not_found,2025-03-10 05:15:00+00:00,2025-03-10 11:15:00+00:00,25,0.87836,0.87912,0.88032,0.87796,0.87796,0.88032,0.00040000000000006697,0.0019599999999999618,0.00040000000000006697,0.0019699999999999163,0.045539414363138915,0.22428161573841207,240.0,345.0,-0.0019699999999999163,-4.924999999998966,4,21,2022-01-18 05:30:00+00:00,2026-04-02 19:00:00+00:00,adjusted,raw_mae_below_realized_loss_adjusted,ok,,,
508,USDCHF,SELL,2025-03-11 11:45:00+00:00,2025-03-11 17:24:20+00:00,0.88069,0.87873,-0.0019599999999999,0.1,0.1,21.8,0.0,-0.5,21.3,,[tp 0.87873],508,0.91678,OOS,listOfTrades_USDCHF_35_3.1.133_SELL_M15.csv,C:\Users\Leon\Desktop\Business_Code\Quant_Structure\FTMO\Data_Center\Data\Trades\Raw\Backtest\DEMO_ACCOUNT\USDCHF\listOfTrades_USDCHF_35_3.1.133_SELL_M15.csv,DEMO_ACCOUNT,USDCHF,DEMO_ACCOUNT,,,,,,,,,,,,,,,,,,,,not_found,2025-03-11 11:45:00+00:00,2025-03-11 17:30:00+00:00,24,0.88069,0.8795,0.88257,0.87867,0.87867,0.88257,0.0020200000000000218,0.0018799999999999928,0.0020200000000000218,0.0018799999999999928,0.22936561105497072,0.21346898454620727,330.0,105.0,0.0019599999999999618,0.970297029702941,10,14,2022-01-18 05:30:00+00:00,2026-04-02 19:00:00+00:00,ok,,ok,,,
510,USDCHF,SELL,2025-03-12 06:45:00+00:00,2025-03-12 10:11:40+00:00,0.88371,0.88251,-0.0011999999999999,0.1,0.1,13.1,0.0,-0.5,12.6,,[tp 0.88251],510,0.91678,OOS,listOfTrades_USDCHF_35_3.1.133_SELL_M15.csv,C:\Users\Leon\Desktop\Business_Code\Quant_Structure\FTMO\Data_Center\Data\Trades\Raw\Backtest\DEMO_ACCOUNT\USDCHF\listOfTrades_USDCHF_35_3.1.133_SELL_M15.csv,DEMO_ACCOUNT,USDCHF,DEMO_ACCOUNT,,,,,,,,,,,,,,,,,,,,not_found,2025-03-12 06:45:00+00:00,2025-03-12 10:15:00+00:00,15,0.88371,0.88231,0.88401,0.88209,0.88209,0.88401,0.0016199999999999548,0.00029999999999996696,0.0016199999999999548,0.00029999999999996696,0.1833180568285925,0.033947788301588414,210.0,90.0,0.0011999999999999789,0.7407407407407484,12,3,2022-01-18 05:30:00+00:00,2026-04-02 19:00:00+00:00,ok,,ok,,,
512,USDCHF,SELL,2025-03-14 07:00:00+00:00,2025-03-14 15:25:40+00:00,0.88401,0.88533,0.0013199999999999,0.1,0.1,-15.41,0.0,-0.5,-15.91,,[sl 0.88533],512,0.91678,OOS,listOfTrades_USDCHF_35_3.1.133_SELL_M15.csv,C:\Users\Leon\Desktop\Business_Code\Quant_Structure\FTMO\Data_Center\Data\Trades\Raw\Backtest\DEMO_ACCOUNT\USDCHF\listOfTrades_USDCHF_35_3.1.133_SELL_M15.csv,DEMO_ACCOUNT,USDCHF,DEMO_ACCOUNT,,,,,,,,,,,,,,,,,,,,not_found,2025-03-14 07:00:00+00:00,2025-03-14 15:30:00+00:00,35,0.88401,0.8856,0.88571,0.88294,0.88294,0.88571,0.0010700000000000154,0.0017000000000000348,0.0010700000000000154,0.0017000000000000348,0.12103935475843207,0.1923055169059213,255.0,510.0,-0.0013199999999999878,-1.233644859813055,12,23,2022-01-18 05:30:00+00:00,2026-04-02 19:00:00+00:00,ok,,ok,,,
514,USDCHF,SELL,2025-03-18 09:30:00+00:00,2025-03-18 10:00:40+00:00,0.88168,0.88088,-0.0008,0.1,0.1,8.58,0.0,-0.5,8.08,,[tp 0.88088],514,0.91678,OOS,listOfTrades_USDCHF_35_3.1.133_SELL_M15.csv,C:\Users\Leon\Desktop\Business_Code\Quant_Structure\FTMO\Data_Center\Data\Trades\Raw\Backtest\DEMO_ACCOUNT\USDCHF\listOfTrades_USDCHF_35_3.1.133_SELL_M15.csv,DEMO_ACCOUNT,USDCHF,DEMO_ACCOUNT,,,,,,,,,,,,,,,,,,,,not_found,2025-03-18 09:30:00+00:00,2025-03-18 10:15:00+00:00,4,0.88168,0.88135,0.88185,0.88062,0.88062,0.88185,0.001060000000000061,0.00017000000000000348,0.001060000000000061,0.00017000000000000348,0.12022502495237057,0.019281371926322868,45.0,0.0,0.0008000000000000229,0.7547169811320538,4,0,2022-01-18 05:30:00+00:00,2026-04-02 19:00:00+00:00,ok,,ok,,,
516,USDCHF,SELL,2025-03-19 12:45:00+00:00,2025-03-19 13:05:40+00:00,0.87766,0.879,0.00134,0.1,0.1,-15.74,0.0,-0.5,-16.240000000000002,,[sl 0.87900],516,0.91678,OOS,listOfTrades_USDCHF_35_3.1.133_SELL_M15.csv,C:\Users\Leon\Desktop\Business_Code\Quant_Structure\FTMO\Data_Center\Data\Trades\Raw\Backtest\DEMO_ACCOUNT\USDCHF\listOfTrades_USDCHF_35_3.1.133_SELL_M15.csv,DEMO_ACCOUNT,USDCHF,DEMO_ACCOUNT,,,,,,,,,,,,,,,,,,,,not_found,2025-03-19 12:45:00+00:00,2025-03-19 13:15:00+00:00,3,0.87766,0.87839,0.87931,0.87752,0.87752,0.87931,0.000140000000000029,0.0016500000000000403,0.000140000000000029,0.0016500000000000403,0.015951507417454252,0.18799990884853363,0.0,15.0,-0.0013400000000000079,-9.571428571426646,0,3,2022-01-18 05:30:00+00:00,2026-04-02 19:00:00+00:00,ok,,ok,,,
518,USDCHF,SELL,2025-03-21 05:45:00+00:00,2025-03-21 08:35:40+00:00,0.88267,0.88396,0.00129,0.1,0.1,-15.09,0.0,-0.5,-15.59,,[sl 0.88396],518,0.91678,OOS,listOfTrades_USDCHF_35_3.1.133_SELL_M15.csv,C:\Users\Leon\Desktop\Business_Code\Quant_Structure\FTMO\Data_Center\Data\Trades\Raw\Backtest\DEMO_ACCOUNT\USDCHF\listOfTrades_USDCHF_35_3.1.133_SELL_M15.csv,DEMO_ACCOUNT,USDCHF,DEMO_ACCOUNT,,,,,,,,,,,,,,,,,,,,not_found,2025-03-21 05:45:00+00:00,2025-03-21 08:45:00+00:00,13,0.88267,0.88367,0.88398,0.88253,0.88253,0.88398,0.00013999999999991797,0.0013100000000000334,0.00013999999999991797,0.0013100000000000334,0.015860967292410297,0.14841333680764424,15.0,180.0,-0.0012900000000000134,-9.21428571429121,1,12,2022-01-18 05:30:00+00:00,2026-04-02 19:00:00+00:00,ok,,ok,,,
520,USDCHF,SELL,2025-03-25 05:45:00+00:00,2025-03-25 10:23:40+00:00,0.88329,0.8843,0.0010099999999999,0.1,0.1,-11.92,0.0,-0.5,-12.42,,[sl 0.88430],520,0.91678,OOS,listOfTrades_USDCHF_35_3.1.133_SELL_M15.csv,C:\Users\Leon\Desktop\Business_Code\Quant_Structure\FTMO\Data_Center\Data\Trades\Raw\Backtest\DEMO_ACCOUNT\USDCHF\listOfTrades_USDCHF_35_3.1.133_SELL_M15.csv,DEMO_ACCOUNT,USDCHF,DEMO_ACCOUNT,,,,,,,,,,,,,,,,,,,,not_found,2025-03-25 05:45:00+00:00,2025-03-25 10:30:00+00:00,20,0.88329,0.88472,0.88486,0.88261,0.88261,0.88486,0.0006800000000000139,0.0015699999999999603,0.0006800000000000139,0.0015699999999999603,0.0769849086936356,0.17774456860147406,135.0,285.0,-0.0010099999999999554,-1.4852941176469627,13,7,2022-01-18 05:30:00+00:00,2026-04-02 19:00:00+00:00,ok,,ok,,,
522,USDCHF,SELL,2025-03-26 07:00:00+00:00,2025-03-26 16:27:40+00:00,0.88341,0.88438,0.00097,0.1,0.1,-11.47,0.0,-0.5,-11.97,,[sl 0.88438],522,0.91678,OOS,listOfTrades_USDCHF_35_3.1.133_SELL_M15.csv,C:\Users\Leon\Desktop\Business_Code\Quant_Structure\FTMO\Data_Center\Data\Trades\Raw\Backtest\DEMO_ACCOUNT\USDCHF\listOfTrades_USDCHF_35_3.1.133_SELL_M15.csv,DEMO_ACCOUNT,USDCHF,DEMO_ACCOUNT,,,,,,,,,,,,,,,,,,,,not_found,2025-03-26 07:00:00+00:00,2025-03-26 16:30:00+00:00,39,0.88341,0.88455,0.88469,0.88289,0.88289,0.88469,0.000520000000000076,0.0012799999999999478,0.000520000000000076,0.0012799999999999478,0.05886281568015711,0.1448930847511289,435.0,570.0,-0.0009700000000000264,-1.8653846153843936,3,35,2022-01-18 05:30:00+00:00,2026-04-02 19:00:00+00:00,ok,,ok,,,
524,USDCHF,SELL,2025-03-28 07:30:00+00:00,2025-03-28 10:23:40+00:00,0.88264,0.88172,-0.00092,0.1,0.1,9.93,0.0,-0.5,9.43,,[tp 0.88172],524,0.91678,OOS,listOfTrades_USDCHF_35_3.1.133_SELL_M15.csv,C:\Users\Leon\Desktop\Business_Code\Quant_Structure\FTMO\Data_Center\Data\Trades\Raw\Backtest\DEMO_ACCOUNT\USDCHF\listOfTrades_USDCHF_35_3.1.133_SELL_M15.csv,DEMO_ACCOUNT,USDCHF,DEMO_ACCOUNT,,,,,,,,,,,,,,,,,,,,not_found,2025-03-28 07:30:00+00:00,2025-03-28 10:30:00+00:00,13,0.88264,0.88155,0.88278,0.88121,0.88121,0.88278,0.0014299999999999313,0.000140000000000029,0.0014299999999999313,0.000140000000000029,0.16201395812561534,0.01586150638992443,165.0,0.0,0.0009200000000000319,0.6433566433566965,13,0,2022-01-18 05:30:00+00:00,2026-04-02 19:00:00+00:00,ok,,ok,,,
526,USDCHF,SELL,2025-03-31 11:15:00+00:00,2025-03-31 17:05:40+00:00,0.8814,0.88313,0.00173,0.1,0.1,-20.09,0.0,-0.5,-20.59,,[sl 0.88313],526,0.91678,OOS,listOfTrades_USDCHF_35_3.1.133_SELL_M15.csv,C:\Users\Leon\Desktop\Business_Code\Quant_Structure\FTMO\Data_Center\Data\Trades\Raw\Backtest\DEMO_ACCOUNT\USDCHF\listOfTrades_USDCHF_35_3.1.133_SELL_M15.csv,DEMO_ACCOUNT,USDCHF,DEMO_ACCOUNT,,,,,,,,,,,,,,,,,,,,not_found,2025-03-31 11:15:00+00:00,2025-03-31 17:15:00+00:00,25,0.8814,0.88399,0.88439,0.88048,0.88048,0.88439,0.0009199999999999209,0.002990000000000048,0.0009199999999999209,0.002990000000000048,0.10437939641478568,0.33923303834808805,45.0,360.0,-0.0017300000000000093,-1.8804347826088674,11,14,2022-01-18 05:30:00+00:00,2026-04-02 19:00:00+00:00,ok,,ok,,,
528,USDCHF,SELL,2025-04-02 09:30:00+00:00,2025-04-02 14:42:40+00:00,0.88441,0.88358,-0.0008299999999999,0.1,0.1,8.89,0.0,-0.5,8.39,,[tp 0.88358],528,0.91678,OOS,listOfTrades_USDCHF_35_3.1.133_SELL_M15.csv,C:\Users\Leon\Desktop\Business_Code\Quant_Structure\FTMO\Data_Center\Data\Trades\Raw\Backtest\DEMO_ACCOUNT\USDCHF\listOfTrades_USDCHF_35_3.1.133_SELL_M15.csv,DEMO_ACCOUNT,USDCHF,DEMO_ACCOUNT,,,,,,,,,,,,,,,,,,,,not_found,2025-04-02 09:30:00+00:00,2025-04-02 14:45:00+00:00,22,0.88441,0.88327,0.88484,0.88303,0.88303,0.88484,0.0013800000000000479,0.00042999999999993044,0.0013800000000000479,0.00042999999999993044,0.15603622754153026,0.04861998394409046,315.0,165.0,0.0008299999999999974,0.6014492753622961,16,6,2022-01-18 05:30:00+00:00,2026-04-02 19:00:00+00:00,ok,,ok,,,
530,USDCHF,SELL,2025-04-07 05:15:00+00:00,2025-04-07 07:44:40+00:00,0.85672,0.85258,-0.00414,0.1,0.1,48.06,0.0,-0.5,47.56,,[tp 0.85258],530,0.91678,OOS,listOfTrades_USDCHF_35_3.1.133_SELL_M15.csv,C:\Users\Leon\Desktop\Business_Code\Quant_Structure\FTMO\Data_Center\Data\Trades\Raw\Backtest\DEMO_ACCOUNT\USDCHF\listOfTrades_USDCHF_35_3.1.133_SELL_M15.csv,DEMO_ACCOUNT,USDCHF,DEMO_ACCOUNT,,,,,,,,,,,,,,,,,,,,not_found,2025-04-07 05:15:00+00:00,2025-04-07 07:45:00+00:00,11,0.85672,0.85284,0.85837,0.85252,0.85252,0.85837,0.0042000000000000925,0.0016499999999999293,0.0042000000000000925,0.0016499999999999293,0.49024185264731673,0.19259501354000483,135.0,15.0,0.0041400000000000325,0.9857142857142718,6,5,2022-01-18 05:30:00+00:00,2026-04-02 19:00:00+00:00,ok,,ok,,,
532,USDCHF,SELL,2025-04-11 09:15:00+00:00,2025-04-11 10:06:40+00:00,0.82384,0.81901,-0.00483,0.1,0.1,58.47,0.0,-0.5,57.97,,[tp 0.81901],532,0.91678,OOS,listOfTrades_USDCHF_35_3.1.133_SELL_M15.csv,C:\Users\Leon\Desktop\Business_Code\Quant_Structure\FTMO\Data_Center\Data\Trades\Raw\Backtest\DEMO_ACCOUNT\USDCHF\listOfTrades_USDCHF_35_3.1.133_SELL_M15.csv,DEMO_ACCOUNT,USDCHF,DEMO_ACCOUNT,,,,,,,,,,,,,,,,,,,,not_found,2025-04-11 09:15:00+00:00,2025-04-11 10:15:00+00:00,5,0.82384,0.8167,0.82575,0.81618,0.81618,0.82575,0.00766,0.0019099999999999673,0.00766,0.0019099999999999673,0.9297921926587688,0.2318411342008117,60.0,0.0,0.004830000000000001,0.6305483028720628,3,2,2022-01-18 05:30:00+00:00,2026-04-02 19:00:00+00:00,ok,,ok,,,
534,USDCHF,SELL,2025-04-16 05:00:00+00:00,2025-04-16 06:59:40+00:00,0.81829,0.8156,-0.0026899999999999,0.1,0.1,32.48,0.0,-0.5,31.98,,[tp 0.81560],534,0.91678,OOS,listOfTrades_USDCHF_35_3.1.133_SELL_M15.csv,C:\Users\Leon\Desktop\Business_Code\Quant_Structure\FTMO\Data_Center\Data\Trades\Raw\Backtest\DEMO_ACCOUNT\USDCHF\listOfTrades_USDCHF_35_3.1.133_SELL_M15.csv,DEMO_ACCOUNT,USDCHF,DEMO_ACCOUNT,,,,,,,,,,,,,,,,,,,,not_found,2025-04-16 05:00:00+00:00,2025-04-16 07:00:00+00:00,9,0.81829,0.81676,0.81872,0.81512,0.81512,0.81872,0.003170000000000006,0.00043000000000004146,0.003170000000000006,0.00043000000000004146,0.3873932224516988,0.05254860746190733,120.0,45.0,0.00268999999999997,0.8485804416403675,9,0,2022-01-18 05:30:00+00:00,2026-04-02 19:00:00+00:00,ok,,ok,,,
536,USDCHF,SELL,2025-04-18 10:00:00+00:00,2025-04-18 16:08:20+00:00,0.81911,0.81761,-0.0015,0.1,0.1,17.85,0.0,-0.5,17.35,,[tp 0.81761],536,0.91678,OOS,listOfTrades_USDCHF_35_3.1.133_SELL_M15.csv,C:\Users\Leon\Desktop\Business_Code\Quant_Structure\FTMO\Data_Center\Data\Trades\Raw\Backtest\DEMO_ACCOUNT\USDCHF\listOfTrades_USDCHF_35_3.1.133_SELL_M15.csv,DEMO_ACCOUNT,USDCHF,DEMO_ACCOUNT,,,,,,,,,,,,,,,,,,,,not_found,2025-04-18 10:00:00+00:00,2025-04-18 16:15:00+00:00,26,0.81911,0.81687,0.81962,0.81687,0.81687,0.81962,0.0022400000000000198,0.0005100000000000104,0.0022400000000000198,0.0005100000000000104,0.2734675440417062,0.06226269975949634,375.0,0.0,0.0015000000000000568,0.6696428571428766,25,1,2022-01-18 05:30:00+00:00,2026-04-02 19:00:00+00:00,ok,,ok,,,
538,USDCHF,SELL,2025-04-25 06:45:00+00:00,2025-04-25 10:34:20+00:00,0.83179,0.82966,-0.00213,0.1,0.1,25.17,0.0,-0.5,24.67,,[tp 0.82966],538,0.91678,OOS,listOfTrades_USDCHF_35_3.1.133_SELL_M15.csv,C:\Users\Leon\Desktop\Business_Code\Quant_Structure\FTMO\Data_Center\Data\Trades\Raw\Backtest\DEMO_ACCOUNT\USDCHF\listOfTrades_USDCHF_35_3.1.133_SELL_M15.csv,DEMO_ACCOUNT,USDCHF,DEMO_ACCOUNT,,,,,,,,,,,,,,,,,,,,not_found,2025-04-25 06:45:00+00:00,2025-04-25 10:45:00+00:00,17,0.83179,0.83076,0.83343,0.82957,0.82957,0.83343,0.0022199999999999998,0.0016399999999999748,0.0022199999999999998,0.0016399999999999748,0.2668942882217867,0.1971651498575331,225.0,135.0,0.0021300000000000763,0.959459459459494,8,9,2022-01-18 05:30:00+00:00,2026-04-02 19:00:00+00:00,ok,,ok,,,
540,USDCHF,SELL,2025-04-28 05:15:00+00:00,2025-04-28 07:59:40+00:00,0.82914,0.82699,-0.0021499999999999,0.1,0.1,25.5,0.0,-0.5,25.0,,[tp 0.82699],540,0.91678,OOS,listOfTrades_USDCHF_35_3.1.133_SELL_M15.csv,C:\Users\Leon\Desktop\Business_Code\Quant_Structure\FTMO\Data_Center\Data\Trades\Raw\Backtest\DEMO_ACCOUNT\USDCHF\listOfTrades_USDCHF_35_3.1.133_SELL_M15.csv,DEMO_ACCOUNT,USDCHF,DEMO_ACCOUNT,,,,,,,,,,,,,,,,,,,,not_found,2025-04-28 05:15:00+00:00,2025-04-28 08:00:00+00:00,12,0.82914,0.827,0.82914,0.82685,0.82685,0.82914,0.0022900000000000142,0.0,0.0022900000000000142,0.0,0.2761897870082271,0.0,165.0,0.0,0.0021499999999999853,0.9388646288209485,12,0,2022-01-18 05:30:00+00:00,2026-04-02 19:00:00+00:00,ok,,ok,,,
542,USDCHF,SELL,2025-04-29 07:00:00+00:00,2025-04-29 12:38:40+00:00,0.82382,0.82594,0.00212,0.1,0.1,-26.17,0.0,-0.5,-26.67,,[sl 0.82594],542,0.91678,OOS,listOfTrades_USDCHF_35_3.1.133_SELL_M15.csv,C:\Users\Leon\Desktop\Business_Code\Quant_Structure\FTMO\Data_Center\Data\Trades\Raw\Backtest\DEMO_ACCOUNT\USDCHF\listOfTrades_USDCHF_35_3.1.133_SELL_M15.csv,DEMO_ACCOUNT,USDCHF,DEMO_ACCOUNT,,,,,,,,,,,,,,,,,,,,not_found,2025-04-29 07:00:00+00:00,2025-04-29 12:45:00+00:00,24,0.82382,0.82581,0.82641,0.8221,0.8221,0.82641,0.0017199999999999438,0.002589999999999981,0.0017199999999999438,0.002589999999999981,0.2087834721176888,0.3143890655725743,150.0,345.0,-0.0021200000000000108,-1.2325581395349303,10,14,2022-01-18 05:30:00+00:00,2026-04-02 19:00:00+00:00,ok,,ok,,,
544,USDCHF,SELL,2025-04-30 05:00:00+00:00,2025-04-30 11:42:40+00:00,0.82413,0.82626,0.0021299999999999,0.1,0.1,-26.28,0.0,-0.5,-26.78,,[sl 0.82626],544,0.91678,OOS,listOfTrades_USDCHF_35_3.1.133_SELL_M15.csv,C:\Users\Leon\Desktop\Business_Code\Quant_Structure\FTMO\Data_Center\Data\Trades\Raw\Backtest\DEMO_ACCOUNT\USDCHF\listOfTrades_USDCHF_35_3.1.133_SELL_M15.csv,DEMO_ACCOUNT,USDCHF,DEMO_ACCOUNT,,,,,,,,,,,,,,,,,,,,not_found,2025-04-30 05:00:00+00:00,2025-04-30 11:45:00+00:00,28,0.82413,0.82561,0.82629,0.82303,0.82303,0.82629,0.0010999999999999899,0.0021599999999999397,0.0010999999999999899,0.0021599999999999397,0.13347408782594855,0.2620945724582214,210.0,390.0,-0.0021299999999999653,-1.9363636363636225,18,9,2022-01-18 05:30:00+00:00,2026-04-02 19:00:00+00:00,ok,,ok,,,
546,USDCHF,SELL,2025-05-05 09:45:00+00:00,2025-05-05 12:05:40+00:00,0.82663,0.82429,-0.00234,0.1,0.1,27.89,0.0,-0.5,27.39,,[tp 0.82429],546,0.91678,OOS,listOfTrades_USDCHF_35_3.1.133_SELL_M15.csv,C:\Users\Leon\Desktop\Business_Code\Quant_Structure\FTMO\Data_Center\Data\Trades\Raw\Backtest\DEMO_ACCOUNT\USDCHF\listOfTrades_USDCHF_35_3.1.133_SELL_M15.csv,DEMO_ACCOUNT,USDCHF,DEMO_ACCOUNT,,,,,,,,,,,,,,,,,,,,not_found,2025-05-05 09:45:00+00:00,2025-05-05 12:15:00+00:00,11,0.82663,0.82384,0.8274,0.82361,0.82361,0.8274,0.0030200000000000227,0.0007700000000000484,0.0030200000000000227,0.0007700000000000484,0.36533878518805546,0.09314929291219148,150.0,0.0,0.0023400000000000087,0.7748344370860898,9,2,2022-01-18 05:30:00+00:00,2026-04-02 19:00:00+00:00,ok,,ok,,,
548,USDCHF,SELL,2025-05-06 13:00:00+00:00,2025-05-06 15:40:40+00:00,0.8262,0.82351,-0.00269,0.1,0.1,32.17,0.0,-0.5,31.67,,[tp 0.82351],548,0.91678,OOS,listOfTrades_USDCHF_35_3.1.133_SELL_M15.csv,C:\Users\Leon\Desktop\Business_Code\Quant_Structure\FTMO\Data_Center\Data\Trades\Raw\Backtest\DEMO_ACCOUNT\USDCHF\listOfTrades_USDCHF_35_3.1.133_SELL_M15.csv,DEMO_ACCOUNT,USDCHF,DEMO_ACCOUNT,,,,,,,,,,,,,,,,,,,,not_found,2025-05-06 13:00:00+00:00,2025-05-06 15:45:00+00:00,12,0.8262,0.82416,0.8262,0.82328,0.82328,0.8262,0.0029200000000000337,0.0,0.0029200000000000337,0.0,0.35342532074558625,0.0,150.0,0.0,0.002690000000000081,0.921232876712346,12,0,2022-01-18 05:30:00+00:00,2026-04-02 19:00:00+00:00,ok,,ok,,,
550,USDCHF,SELL,2025-05-27 07:45:00+00:00,2025-05-27 10:20:40+00:00,0.82129,0.82274,0.00145,0.1,0.1,-18.12,0.0,-0.5,-18.62,,[sl 0.82274],550,0.91678,OOS,listOfTrades_USDCHF_35_3.1.133_SELL_M15.csv,C:\Users\Leon\Desktop\Business_Code\Quant_Structure\FTMO\Data_Center\Data\Trades\Raw\Backtest\DEMO_ACCOUNT\USDCHF\listOfTrades_USDCHF_35_3.1.133_SELL_M15.csv,DEMO_ACCOUNT,USDCHF,DEMO_ACCOUNT,,,,,,,,,,,,,,,,,,,,not_found,2025-05-27 07:45:00+00:00,2025-05-27 10:30:00+00:00,12,0.82129,0.8236,0.82387,0.82058,0.82058,0.82387,0.0007099999999999884,0.0025800000000000267,0.0007099999999999884,0.0025800000000000267,0.08644936624091228,0.3141399505655769,105.0,165.0,-0.0014500000000000624,-2.0422535211268817,3,9,2022-01-18 05:30:00+00:00,2026-04-02 19:00:00+00:00,ok,,ok,,,
552,USDCHF,SELL,2025-05-30 06:00:00+00:00,2025-05-30 15:39:40+00:00,0.82322,0.82133,-0.0018899999999999,0.1,0.1,22.51,0.0,-0.5,22.01,,[tp 0.82133],552,0.91678,OOS,listOfTrades_USDCHF_35_3.1.133_SELL_M15.csv,C:\Users\Leon\Desktop\Business_Code\Quant_Structure\FTMO\Data_Center\Data\Trades\Raw\Backtest\DEMO_ACCOUNT\USDCHF\listOfTrades_USDCHF_35_3.1.133_SELL_M15.csv,DEMO_ACCOUNT,USDCHF,DEMO_ACCOUNT,,,,,,,,,,,,,,,,,,,,not_found,2025-05-30 06:00:00+00:00,2025-05-30 15:45:00+00:00,40,0.82322,0.82254,0.82489,0.82116,0.82116,0.82489,0.0020599999999999508,0.0016700000000000603,0.0020599999999999508,0.0016700000000000603,0.25023687471149275,0.20286193241175632,570.0,525.0,0.0018899999999999473,0.9174757281553362,14,26,2022-01-18 05:30:00+00:00,2026-04-02 19:00:00+00:00,ok,,ok,,,
554,USDCHF,SELL,2025-06-02 06:15:00+00:00,2025-06-02 08:49:40+00:00,0.82264,0.82088,-0.0017599999999999,0.1,0.1,20.94,0.0,-0.5,20.44,,[tp 0.82088],554,0.91678,OOS,listOfTrades_USDCHF_35_3.1.133_SELL_M15.csv,C:\Users\Leon\Desktop\Business_Code\Quant_Structure\FTMO\Data_Center\Data\Trades\Raw\Backtest\DEMO_ACCOUNT\USDCHF\listOfTrades_USDCHF_35_3.1.133_SELL_M15.csv,DEMO_ACCOUNT,USDCHF,DEMO_ACCOUNT,,,,,,,,,,,,,,,,,,,,not_found,2025-06-02 06:15:00+00:00,2025-06-02 09:00:00+00:00,12,0.82264,0.82065,0.82303,0.82058,0.82058,0.82303,0.0020600000000000618,0.00039000000000000146,0.0020600000000000618,0.00039000000000000146,0.2504133035106561,0.04740834386852104,150.0,15.0,0.0017599999999999838,0.8543689320388015,10,2,2022-01-18 05:30:00+00:00,2026-04-02 19:00:00+00:00,ok,,ok,,,
556,USDCHF,SELL,2025-06-03 05:45:00+00:00,2025-06-03 10:26:40+00:00,0.81843,0.81699,-0.0014399999999999,0.1,0.1,17.13,0.0,-0.5,16.63,,[tp 0.81699],556,0.91678,OOS,listOfTrades_USDCHF_35_3.1.133_SELL_M15.csv,C:\Users\Leon\Desktop\Business_Code\Quant_Structure\FTMO\Data_Center\Data\Trades\Raw\Backtest\DEMO_ACCOUNT\USDCHF\listOfTrades_USDCHF_35_3.1.133_SELL_M15.csv,DEMO_ACCOUNT,USDCHF,DEMO_ACCOUNT,,,,,,,,,,,,,,,,,,,,not_found,2025-06-03 05:45:00+00:00,2025-06-03 10:30:00+00:00,20,0.81843,0.81783,0.81887,0.81688,0.81688,0.81887,0.0015499999999999403,0.00043999999999999595,0.0015499999999999403,0.00043999999999999595,0.18938699705533035,0.05376147013183729,270.0,60.0,0.0014399999999999968,0.9290322580645498,16,4,2022-01-18 05:30:00+00:00,2026-04-02 19:00:00+00:00,ok,,ok,,,
558,USDCHF,SELL,2025-06-06 08:15:00+00:00,2025-06-06 09:33:40+00:00,0.82059,0.82193,0.00134,0.1,0.1,-16.8,0.0,-0.5,-17.3,,[sl 0.82193],558,0.91678,OOS,listOfTrades_USDCHF_35_3.1.133_SELL_M15.csv,C:\Users\Leon\Desktop\Business_Code\Quant_Structure\FTMO\Data_Center\Data\Trades\Raw\Backtest\DEMO_ACCOUNT\USDCHF\listOfTrades_USDCHF_35_3.1.133_SELL_M15.csv,DEMO_ACCOUNT,USDCHF,DEMO_ACCOUNT,,,,,,,,,,,,,,,,,,,,not_found,2025-06-06 08:15:00+00:00,2025-06-06 09:45:00+00:00,7,0.82059,0.82148,0.82194,0.82045,0.82045,0.82194,0.000140000000000029,0.0013499999999999623,0.000140000000000029,0.0013499999999999623,0.017060895209547882,0.16451577523488736,45.0,75.0,-0.0013400000000000079,-9.571428571426646,0,7,2022-01-18 05:30:00+00:00,2026-04-02 19:00:00+00:00,ok,,ok,,,
560,USDCHF,SELL,2025-06-10 05:30:00+00:00,2025-06-10 06:57:20+00:00,0.82372,0.8224,-0.0013199999999999,0.1,0.1,15.55,0.0,-0.5,15.05,,[tp 0.82240],560,0.91678,OOS,listOfTrades_USDCHF_35_3.1.133_SELL_M15.csv,C:\Users\Leon\Desktop\Business_Code\Quant_Structure\FTMO\Data_Center\Data\Trades\Raw\Backtest\DEMO_ACCOUNT\USDCHF\listOfTrades_USDCHF_35_3.1.133_SELL_M15.csv,DEMO_ACCOUNT,USDCHF,DEMO_ACCOUNT,,,,,,,,,,,,,,,,,,,,not_found,2025-06-10 05:30:00+00:00,2025-06-10 07:00:00+00:00,7,0.82372,0.8224,0.82377,0.8222,0.8222,0.82377,0.0015199999999999658,4.999999999999449e-05,0.0015199999999999658,4.999999999999449e-05,0.18452872335259138,0.006070023794492605,90.0,0.0,0.0013199999999999878,0.8684210526315905,7,0,2022-01-18 05:30:00+00:00,2026-04-02 19:00:00+00:00,ok,,ok,,,
562,USDCHF,SELL,2025-06-11 09:30:00+00:00,2025-06-11 10:54:40+00:00,0.82342,0.82231,-0.00111,0.1,0.1,13.0,0.0,-0.5,12.5,,[tp 0.82231],562,0.91678,OOS,listOfTrades_USDCHF_35_3.1.133_SELL_M15.csv,C:\Users\Leon\Desktop\Business_Code\Quant_Structure\FTMO\Data_Center\Data\Trades\Raw\Backtest\DEMO_ACCOUNT\USDCHF\listOfTrades_USDCHF_35_3.1.133_SELL_M15.csv,DEMO_ACCOUNT,USDCHF,DEMO_ACCOUNT,,,,,,,,,,,,,,,,,,,,not_found,2025-06-11 09:30:00+00:00,2025-06-11 11:00:00+00:00,7,0.82342,0.82228,0.82343,0.82195,0.82195,0.82343,0.0014700000000000824,9.99999999995449e-06,0.0014700000000000824,9.99999999995449e-06,0.1785237181511358,0.0012144470622470294,90.0,0.0,0.0011100000000000554,0.7551020408163219,7,0,2022-01-18 05:30:00+00:00,2026-04-02 19:00:00+00:00,ok,,ok,,,
564,USDCHF,SELL,2025-06-13 08:30:00+00:00,2025-06-13 13:36:40+00:00,0.81146,0.81412,0.0026599999999999,0.1,0.1,-33.17,0.0,-0.5,-33.67,,[sl 0.81412],564,0.91678,OOS,listOfTrades_USDCHF_35_3.1.133_SELL_M15.csv,C:\Users\Leon\Desktop\Business_Code\Quant_Structure\FTMO\Data_Center\Data\Trades\Raw\Backtest\DEMO_ACCOUNT\USDCHF\listOfTrades_USDCHF_35_3.1.133_SELL_M15.csv,DEMO_ACCOUNT,USDCHF,DEMO_ACCOUNT,,,,,,,,,,,,,,,,,,,,not_found,2025-06-13 08:30:00+00:00,2025-06-13 13:45:00+00:00,22,0.81146,0.81391,0.81463,0.80946,0.80946,0.81463,0.0020000000000000018,0.003170000000000006,0.0020000000000000018,0.003170000000000006,0.2464693268922685,0.390653883124246,30.0,315.0,-0.0026599999999999957,-1.3299999999999967,9,13,2022-01-18 05:30:00+00:00,2026-04-02 19:00:00+00:00,ok,,ok,,,
566,USDCHF,SELL,2025-06-16 05:45:00+00:00,2025-06-16 13:38:20+00:00,0.81244,0.81058,-0.00186,0.1,0.1,22.45,0.0,-0.5,21.95,,[tp 0.81058],566,0.91678,OOS,listOfTrades_USDCHF_35_3.1.133_SELL_M15.csv,C:\Users\Leon\Desktop\Business_Code\Quant_Structure\FTMO\Data_Center\Data\Trades\Raw\Backtest\DEMO_ACCOUNT\USDCHF\listOfTrades_USDCHF_35_3.1.133_SELL_M15.csv,DEMO_ACCOUNT,USDCHF,DEMO_ACCOUNT,,,,,,,,,,,,,,,,,,,,not_found,2025-06-16 05:45:00+00:00,2025-06-16 13:45:00+00:00,33,0.81244,0.81051,0.81336,0.81006,0.81006,0.81336,0.0023800000000000487,0.0009199999999999209,0.0023800000000000487,0.0009199999999999209,0.2929447097631885,0.11323913150508601,480.0,285.0,0.0018600000000000838,0.781512605042036,22,11,2022-01-18 05:30:00+00:00,2026-04-02 19:00:00+00:00,ok,,ok,,,
568,USDCHF,SELL,2025-06-18 12:15:00+00:00,2025-06-18 21:00:40+00:00,0.81746,0.81598,-0.0014799999999999,0.1,0.1,17.64,0.0,-0.5,17.14,,[tp 0.81598],568,0.91678,OOS,listOfTrades_USDCHF_35_3.1.133_SELL_M15.csv,C:\Users\Leon\Desktop\Business_Code\Quant_Structure\FTMO\Data_Center\Data\Trades\Raw\Backtest\DEMO_ACCOUNT\USDCHF\listOfTrades_USDCHF_35_3.1.133_SELL_M15.csv,DEMO_ACCOUNT,USDCHF,DEMO_ACCOUNT,,,,,,,,,,,,,,,,,,,,not_found,2025-06-18 12:15:00+00:00,2025-06-18 21:15:00+00:00,37,0.81746,0.81702,0.81829,0.81563,0.81563,0.81829,0.0018299999999999983,0.0008299999999999974,0.0018299999999999983,0.0008299999999999974,0.22386416460744235,0.10153402001321134,525.0,330.0,0.0014799999999999258,0.8087431693988674,22,13,2022-01-18 05:30:00+00:00,2026-04-02 19:00:00+00:00,ok,,ok,,,
570,USDCHF,SELL,2025-06-25 07:00:00+00:00,2025-06-25 10:43:40+00:00,0.80558,0.80429,-0.00129,0.1,0.1,15.54,0.0,-0.5,15.04,,[tp 0.80429],570,0.91678,OOS,listOfTrades_USDCHF_35_3.1.133_SELL_M15.csv,C:\Users\Leon\Desktop\Business_Code\Quant_Structure\FTMO\Data_Center\Data\Trades\Raw\Backtest\DEMO_ACCOUNT\USDCHF\listOfTrades_USDCHF_35_3.1.133_SELL_M15.csv,DEMO_ACCOUNT,USDCHF,DEMO_ACCOUNT,,,,,,,,,,,,,,,,,,,,not_found,2025-06-25 07:00:00+00:00,2025-06-25 10:45:00+00:00,16,0.80558,0.80533,0.8058,0.80401,0.80401,0.8058,0.0015699999999999603,0.00021999999999999797,0.0015699999999999603,0.00021999999999999797,0.19489063780133078,0.02730951612502768,210.0,180.0,0.0012900000000000134,0.8216560509554433,16,0,2022-01-18 05:30:00+00:00,2026-04-02 19:00:00+00:00,ok,,ok,,,
572,USDCHF,SELL,2025-07-02 08:15:00+00:00,2025-07-02 10:22:40+00:00,0.79164,0.79293,0.00129,0.1,0.1,-16.77,0.0,-0.5,-17.27,,[sl 0.79293],572,0.91678,OOS,listOfTrades_USDCHF_35_3.1.133_SELL_M15.csv,C:\Users\Leon\Desktop\Business_Code\Quant_Structure\FTMO\Data_Center\Data\Trades\Raw\Backtest\DEMO_ACCOUNT\USDCHF\listOfTrades_USDCHF_35_3.1.133_SELL_M15.csv,DEMO_ACCOUNT,USDCHF,DEMO_ACCOUNT,,,,,,,,,,,,,,,,,,,,not_found,2025-07-02 08:15:00+00:00,2025-07-02 10:30:00+00:00,10,0.79164,0.79266,0.79344,0.79155,0.79155,0.79344,9.00000000000345e-05,0.0018000000000000238,9.00000000000345e-05,0.0018000000000000238,0.011368804001823368,0.22737608003638318,45.0,135.0,-0.0012900000000000134,-14.333333333327987,0,10,2022-01-18 05:30:00+00:00,2026-04-02 19:00:00+00:00,ok,,ok,,,
574,USDCHF,SELL,2025-07-07 05:30:00+00:00,2025-07-07 10:43:40+00:00,0.79456,0.796,0.0014399999999999,0.1,0.1,-18.59,0.0,-0.5,-19.09,,[sl 0.79600],574,0.91678,OOS,listOfTrades_USDCHF_35_3.1.133_SELL_M15.csv,C:\Users\Leon\Desktop\Business_Code\Quant_Structure\FTMO\Data_Center\Data\Trades\Raw\Backtest\DEMO_ACCOUNT\USDCHF\listOfTrades_USDCHF_35_3.1.133_SELL_M15.csv,DEMO_ACCOUNT,USDCHF,DEMO_ACCOUNT,,,,,,,,,,,,,,,,,,,,not_found,2025-07-07 05:30:00+00:00,2025-07-07 10:45:00+00:00,22,0.79456,0.79637,0.79637,0.79427,0.79427,0.79637,0.00029000000000001247,0.0018099999999999783,0.00029000000000001247,0.0018099999999999783,0.036498187676199716,0.22779903342730295,30.0,315.0,-0.0014399999999999968,-4.965517241379086,3,19,2022-01-18 05:30:00+00:00,2026-04-02 19:00:00+00:00,ok,,ok,,,
576,USDCHF,SELL,2025-07-09 05:45:00+00:00,2025-07-09 10:02:40+00:00,0.79719,0.79608,-0.0011099999999999,0.1,0.1,13.44,0.0,-0.5,12.94,,[tp 0.79608],576,0.91678,OOS,listOfTrades_USDCHF_35_3.1.133_SELL_M15.csv,C:\Users\Leon\Desktop\Business_Code\Quant_Structure\FTMO\Data_Center\Data\Trades\Raw\Backtest\DEMO_ACCOUNT\USDCHF\listOfTrades_USDCHF_35_3.1.133_SELL_M15.csv,DEMO_ACCOUNT,USDCHF,DEMO_ACCOUNT,,,,,,,,,,,,,,,,,,,,not_found,2025-07-09 05:45:00+00:00,2025-07-09 10:15:00+00:00,19,0.79719,0.79667,0.79787,0.79593,0.79593,0.79787,0.0012599999999999278,0.0006800000000000139,0.0012599999999999278,0.0006800000000000139,0.1580551687803319,0.08529961489732861,255.0,75.0,0.0011099999999999444,0.8809523809523873,11,8,2022-01-18 05:30:00+00:00,2026-04-02 19:00:00+00:00,ok,,ok,,,
578,USDCHF,SELL,2025-07-11 06:00:00+00:00,2025-07-11 10:17:40+00:00,0.79789,0.79676,-0.0011299999999999,0.1,0.1,13.68,0.0,-0.5,13.18,,[tp 0.79676],578,0.91678,OOS,listOfTrades_USDCHF_35_3.1.133_SELL_M15.csv,C:\Users\Leon\Desktop\Business_Code\Quant_Structure\FTMO\Data_Center\Data\Trades\Raw\Backtest\DEMO_ACCOUNT\USDCHF\listOfTrades_USDCHF_35_3.1.133_SELL_M15.csv,DEMO_ACCOUNT,USDCHF,DEMO_ACCOUNT,,,,,,,,,,,,,,,,,,,,not_found,2025-07-11 06:00:00+00:00,2025-07-11 10:30:00+00:00,19,0.79789,0.79677,0.79794,0.79645,0.79645,0.79794,0.0014399999999999968,4.999999999999449e-05,0.0014399999999999968,4.999999999999449e-05,0.180476005464412,0.006266527967513629,255.0,0.0,0.0011299999999999644,0.7847222222221992,18,1,2022-01-18 05:30:00+00:00,2026-04-02 19:00:00+00:00,ok,,ok,,,
580,USDCHF,SELL,2025-07-14 09:15:00+00:00,2025-07-14 13:02:40+00:00,0.79793,0.79663,-0.0013,0.1,0.1,15.82,0.0,-0.5,15.32,,[tp 0.79663],580,0.91678,OOS,listOfTrades_USDCHF_35_3.1.133_SELL_M15.csv,C:\Users\Leon\Desktop\Business_Code\Quant_Structure\FTMO\Data_Center\Data\Trades\Raw\Backtest\DEMO_ACCOUNT\USDCHF\listOfTrades_USDCHF_35_3.1.133_SELL_M15.csv,DEMO_ACCOUNT,USDCHF,DEMO_ACCOUNT,,,,,,,,,,,,,,,,,,,,not_found,2025-07-14 09:15:00+00:00,2025-07-14 13:15:00+00:00,17,0.79793,0.79639,0.79846,0.79637,0.79637,0.79846,0.0015600000000000058,0.0005299999999999194,0.0015600000000000058,0.0005299999999999194,0.19550587144235784,0.06642186657976507,240.0,0.0,0.0013000000000000789,0.8333333333333808,15,2,2022-01-18 05:30:00+00:00,2026-04-02 19:00:00+00:00,ok,,ok,,,
582,USDCHF,SELL,2025-07-23 08:45:00+00:00,2025-07-23 10:01:40+00:00,0.79426,0.79285,-0.0014099999999999,0.1,0.1,17.28,0.0,-0.5,16.78,,[tp 0.79285],582,0.91678,OOS,listOfTrades_USDCHF_35_3.1.133_SELL_M15.csv,C:\Users\Leon\Desktop\Business_Code\Quant_Structure\FTMO\Data_Center\Data\Trades\Raw\Backtest\DEMO_ACCOUNT\USDCHF\listOfTrades_USDCHF_35_3.1.133_SELL_M15.csv,DEMO_ACCOUNT,USDCHF,DEMO_ACCOUNT,,,,,,,,,,,,,,,,,,,,not_found,2025-07-23 08:45:00+00:00,2025-07-23 10:15:00+00:00,7,0.79426,0.79206,0.79447,0.79151,0.79151,0.79447,0.002749999999999919,0.00021000000000004349,0.002749999999999919,0.00021000000000004349,0.34623423060457775,0.026439704882537645,90.0,0.0,0.0014099999999999113,0.5127272727272556,7,0,2022-01-18 05:30:00+00:00,2026-04-02 19:00:00+00:00,ok,,ok,,,
584,USDCHF,SELL,2025-07-25 12:15:00+00:00,2025-07-25 20:05:40+00:00,0.79675,0.79527,-0.0014799999999999,0.1,0.1,18.11,0.0,-0.5,17.61,,[tp 0.79527],584,0.91678,OOS,listOfTrades_USDCHF_35_3.1.133_SELL_M15.csv,C:\Users\Leon\Desktop\Business_Code\Quant_Structure\FTMO\Data_Center\Data\Trades\Raw\Backtest\DEMO_ACCOUNT\USDCHF\listOfTrades_USDCHF_35_3.1.133_SELL_M15.csv,DEMO_ACCOUNT,USDCHF,DEMO_ACCOUNT,,,,,,,,,,,,,,,,,,,,not_found,2025-07-25 12:15:00+00:00,2025-07-25 20:15:00+00:00,33,0.79675,0.79547,0.79793,0.79516,0.79516,0.79793,0.0015899999999999803,0.0011800000000000699,0.0015899999999999803,0.0011800000000000699,0.1995607154063358,0.1481016630059705,465.0,270.0,0.0014799999999999258,0.9308176100628579,21,12,2022-01-18 05:30:00+00:00,2026-04-02 19:00:00+00:00,ok,,ok,,,
586,USDCHF,SELL,2025-07-28 05:15:00+00:00,2025-07-28 09:25:40+00:00,0.79592,0.79734,0.00142,0.1,0.1,-18.31,0.0,-0.5,-18.81,,[sl 0.79734],586,0.91678,OOS,listOfTrades_USDCHF_35_3.1.133_SELL_M15.csv,C:\Users\Leon\Desktop\Business_Code\Quant_Structure\FTMO\Data_Center\Data\Trades\Raw\Backtest\DEMO_ACCOUNT\USDCHF\listOfTrades_USDCHF_35_3.1.133_SELL_M15.csv,DEMO_ACCOUNT,USDCHF,DEMO_ACCOUNT,,,,,,,,,,,,,,,,,,,,not_found,2025-07-28 05:15:00+00:00,2025-07-28 09:30:00+00:00,18,0.79592,0.79721,0.7978,0.79485,0.79485,0.7978,0.0010700000000000154,0.0018799999999999928,0.0010700000000000154,0.0018799999999999928,0.1344356216705216,0.23620464368278132,105.0,240.0,-0.0014200000000000879,-1.3271028037383807,13,4,2022-01-18 05:30:00+00:00,2026-04-02 19:00:00+00:00,ok,,ok,,,
588,USDCHF,SELL,2025-08-26 10:15:00+00:00,2025-08-26 14:10:40+00:00,0.80678,0.80521,-0.00157,0.1,0.1,19.0,0.0,-0.5,18.5,,[tp 0.80521],588,0.91678,OOS,listOfTrades_USDCHF_35_3.1.133_SELL_M15.csv,C:\Users\Leon\Desktop\Business_Code\Quant_Structure\FTMO\Data_Center\Data\Trades\Raw\Backtest\DEMO_ACCOUNT\USDCHF\listOfTrades_USDCHF_35_3.1.133_SELL_M15.csv,DEMO_ACCOUNT,USDCHF,DEMO_ACCOUNT,,,,,,,,,,,,,,,,,,,,not_found,2025-08-26 10:15:00+00:00,2025-08-26 14:15:00+00:00,17,0.80678,0.80548,0.80722,0.80499,0.80499,0.80722,0.0017900000000000693,0.00043999999999999595,0.0017900000000000693,0.00043999999999999595,0.22186965467662426,0.05453779221101117,225.0,0.0,0.0015700000000000713,0.877094972067045,17,0,2022-01-18 05:30:00+00:00,2026-04-02 19:00:00+00:00,ok,,ok,,,
590,USDCHF,SELL,2025-08-27 05:15:00+00:00,2025-08-27 10:31:40+00:00,0.80477,0.80599,0.0012199999999999,0.1,0.1,-15.64,0.0,-0.5,-16.14,,[sl 0.80599],590,0.91678,OOS,listOfTrades_USDCHF_35_3.1.133_SELL_M15.csv,C:\Users\Leon\Desktop\Business_Code\Quant_Structure\FTMO\Data_Center\Data\Trades\Raw\Backtest\DEMO_ACCOUNT\USDCHF\listOfTrades_USDCHF_35_3.1.133_SELL_M15.csv,DEMO_ACCOUNT,USDCHF,DEMO_ACCOUNT,,,,,,,,,,,,,,,,,,,,not_found,2025-08-27 05:15:00+00:00,2025-08-27 10:45:00+00:00,23,0.80477,0.80566,0.80617,0.80429,0.80429,0.80617,0.00048000000000003595,0.0014000000000000679,0.00048000000000003595,0.0014000000000000679,0.05964437044124855,0.17396274712030368,45.0,315.0,-0.0012199999999999989,-2.541666666666474,7,16,2022-01-18 05:30:00+00:00,2026-04-02 19:00:00+00:00,ok,,ok,,,
592,USDCHF,SELL,2025-09-02 10:15:00+00:00,2025-09-02 10:34:40+00:00,0.80219,0.80331,0.00112,0.1,0.1,-14.44,0.0,-0.5,-14.94,,[sl 0.80331],592,0.91678,OOS,listOfTrades_USDCHF_35_3.1.133_SELL_M15.csv,C:\Users\Leon\Desktop\Business_Code\Quant_Structure\FTMO\Data_Center\Data\Trades\Raw\Backtest\DEMO_ACCOUNT\USDCHF\listOfTrades_USDCHF_35_3.1.133_SELL_M15.csv,DEMO_ACCOUNT,USDCHF,DEMO_ACCOUNT,,,,,,,,,,,,,,,,,,,,not_found,2025-09-02 10:15:00+00:00,2025-09-02 10:45:00+00:00,3,0.80219,0.80343,0.80366,0.80205,0.80205,0.80366,0.00013999999999991797,0.0014700000000000824,0.00013999999999991797,0.0014700000000000824,0.017452224535324298,0.18324835762102276,0.0,30.0,-0.0011200000000000099,-8.000000000004759,0,3,2022-01-18 05:30:00+00:00,2026-04-02 19:00:00+00:00,ok,,ok,,,
594,USDCHF,SELL,2025-09-09 10:45:00+00:00,2025-09-09 15:22:40+00:00,0.79345,0.79477,0.0013199999999999,0.1,0.1,-17.11,0.0,-0.5,-17.61,,[sl 0.79477],594,0.91678,OOS,listOfTrades_USDCHF_35_3.1.133_SELL_M15.csv,C:\Users\Leon\Desktop\Business_Code\Quant_Structure\FTMO\Data_Center\Data\Trades\Raw\Backtest\DEMO_ACCOUNT\USDCHF\listOfTrades_USDCHF_35_3.1.133_SELL_M15.csv,DEMO_ACCOUNT,USDCHF,DEMO_ACCOUNT,,,,,,,,,,,,,,,,,,,,not_found,2025-09-09 10:45:00+00:00,2025-09-09 15:30:00+00:00,20,0.79345,0.79542,0.79557,0.79225,0.79225,0.79557,0.0011999999999999789,0.0021200000000000108,0.0011999999999999789,0.0021200000000000108,0.15123826328060733,0.26718759846241236,105.0,285.0,-0.0013199999999999878,-1.1000000000000092,9,11,2022-01-18 05:30:00+00:00,2026-04-02 19:00:00+00:00,ok,,ok,,,
596,USDCHF,SELL,2025-09-12 05:45:00+00:00,2025-09-12 10:22:40+00:00,0.79657,0.79566,-0.0009099999999999,0.1,0.1,10.94,0.0,-0.5,10.44,,[tp 0.79566],596,0.91678,OOS,listOfTrades_USDCHF_35_3.1.133_SELL_M15.csv,C:\Users\Leon\Desktop\Business_Code\Quant_Structure\FTMO\Data_Center\Data\Trades\Raw\Backtest\DEMO_ACCOUNT\USDCHF\listOfTrades_USDCHF_35_3.1.133_SELL_M15.csv,DEMO_ACCOUNT,USDCHF,DEMO_ACCOUNT,,,,,,,,,,,,,,,,,,,,not_found,2025-09-12 05:45:00+00:00,2025-09-12 10:30:00+00:00,20,0.79657,0.79596,0.79698,0.79551,0.79551,0.79698,0.0010599999999999499,0.00041000000000002146,0.0010599999999999499,0.00041000000000002146,0.13307053993998644,0.05147068054283006,270.0,90.0,0.0009099999999999664,0.8584905660377448,12,8,2022-01-18 05:30:00+00:00,2026-04-02 19:00:00+00:00,ok,,ok,,,
598,USDCHF,SELL,2025-09-15 09:30:00+00:00,2025-09-15 10:32:40+00:00,0.79711,0.79639,-0.0007199999999999,0.1,0.1,8.54,0.0,-0.5,8.04,,[tp 0.79639],598,0.91678,OOS,listOfTrades_USDCHF_35_3.1.133_SELL_M15.csv,C:\Users\Leon\Desktop\Business_Code\Quant_Structure\FTMO\Data_Center\Data\Trades\Raw\Backtest\DEMO_ACCOUNT\USDCHF\listOfTrades_USDCHF_35_3.1.133_SELL_M15.csv,DEMO_ACCOUNT,USDCHF,DEMO_ACCOUNT,,,,,,,,,,,,,,,,,,,,not_found,2025-09-15 09:30:00+00:00,2025-09-15 10:45:00+00:00,6,0.79711,0.79639,0.79727,0.79601,0.79601,0.79727,0.0010999999999999899,0.000160000000000049,0.0010999999999999899,0.000160000000000049,0.13799851965224247,0.020072511949423416,60.0,0.0,0.0007199999999999429,0.6545454545454087,6,0,2022-01-18 05:30:00+00:00,2026-04-02 19:00:00+00:00,ok,,ok,,,
600,USDCHF,SELL,2025-09-17 08:45:00+00:00,2025-09-17 12:46:40+00:00,0.78721,0.78642,-0.0007899999999999,0.1,0.1,9.55,0.0,-0.5,9.05,,[tp 0.78642],600,0.91678,OOS,listOfTrades_USDCHF_35_3.1.133_SELL_M15.csv,C:\Users\Leon\Desktop\Business_Code\Quant_Structure\FTMO\Data_Center\Data\Trades\Raw\Backtest\DEMO_ACCOUNT\USDCHF\listOfTrades_USDCHF_35_3.1.133_SELL_M15.csv,DEMO_ACCOUNT,USDCHF,DEMO_ACCOUNT,,,,,,,,,,,,,,,,,,,,not_found,2025-09-17 08:45:00+00:00,2025-09-17 13:00:00+00:00,18,0.78721,0.78729,0.78784,0.78627,0.78627,0.78784,0.0009399999999999409,0.0006300000000000194,0.0009399999999999409,0.0006300000000000194,0.1194090522223982,0.0800294711703382,240.0,135.0,0.0007899999999999574,0.8404255319149011,9,9,2022-01-18 05:30:00+00:00,2026-04-02 19:00:00+00:00,ok,,ok,,,
602,USDCHF,SELL,2025-09-19 09:15:00+00:00,2025-09-19 10:06:40+00:00,0.79341,0.79478,0.00137,0.1,0.1,-17.74,0.0,-0.5,-18.24,,[sl 0.79478],602,0.91678,OOS,listOfTrades_USDCHF_35_3.1.133_SELL_M15.csv,C:\Users\Leon\Desktop\Business_Code\Quant_Structure\FTMO\Data_Center\Data\Trades\Raw\Backtest\DEMO_ACCOUNT\USDCHF\listOfTrades_USDCHF_35_3.1.133_SELL_M15.csv,DEMO_ACCOUNT,USDCHF,DEMO_ACCOUNT,,,,,,,,,,,,,,,,,,,,not_found,2025-09-19 09:15:00+00:00,2025-09-19 10:15:00+00:00,5,0.79341,0.79383,0.79476,0.79314,0.79314,0.79476,0.00026999999999999247,0.0013500000000000734,0.00026999999999999247,0.0013700000000000934,0.03403032480054354,0.17267238880277455,15.0,45.0,-0.0013700000000000934,-5.074074074074561,0,5,2022-01-18 05:30:00+00:00,2026-04-02 19:00:00+00:00,adjusted,raw_mae_below_realized_loss_adjusted,ok,,,
604,USDCHF,SELL,2025-09-22 06:00:00+00:00,2025-09-22 09:42:40+00:00,0.79704,0.79583,-0.0012099999999999,0.1,0.1,14.7,0.0,-0.5,14.2,,[tp 0.79583],604,0.91678,OOS,listOfTrades_USDCHF_35_3.1.133_SELL_M15.csv,C:\Users\Leon\Desktop\Business_Code\Quant_Structure\FTMO\Data_Center\Data\Trades\Raw\Backtest\DEMO_ACCOUNT\USDCHF\listOfTrades_USDCHF_35_3.1.133_SELL_M15.csv,DEMO_ACCOUNT,USDCHF,DEMO_ACCOUNT,,,,,,,,,,,,,,,,,,,,not_found,2025-09-22 06:00:00+00:00,2025-09-22 09:45:00+00:00,16,0.79704,0.7958,0.79727,0.79548,0.79548,0.79727,0.0015600000000000058,0.0002300000000000635,0.0015600000000000058,0.0002300000000000635,0.1957241794640176,0.02885677004918994,225.0,90.0,0.0012099999999999334,0.77564102564098,13,3,2022-01-18 05:30:00+00:00,2026-04-02 19:00:00+00:00,ok,,ok,,,
606,USDCHF,SELL,2025-09-23 09:15:00+00:00,2025-09-23 11:49:40+00:00,0.79285,0.79195,-0.0009,0.1,0.1,10.86,0.0,-0.5,10.36,,[tp 0.79195],606,0.91678,OOS,listOfTrades_USDCHF_35_3.1.133_SELL_M15.csv,C:\Users\Leon\Desktop\Business_Code\Quant_Structure\FTMO\Data_Center\Data\Trades\Raw\Backtest\DEMO_ACCOUNT\USDCHF\listOfTrades_USDCHF_35_3.1.133_SELL_M15.csv,DEMO_ACCOUNT,USDCHF,DEMO_ACCOUNT,,,,,,,,,,,,,,,,,,,,not_found,2025-09-23 09:15:00+00:00,2025-09-23 12:00:00+00:00,12,0.79285,0.79166,0.79334,0.79163,0.79163,0.79334,0.0012200000000001099,0.0004899999999999904,0.0012200000000001099,0.0004899999999999904,0.15387526013749256,0.061802358579805816,165.0,120.0,0.0009000000000000119,0.7377049180327302,10,2,2022-01-18 05:30:00+00:00,2026-04-02 19:00:00+00:00,ok,,ok,,,
608,USDCHF,SELL,2025-09-24 06:30:00+00:00,2025-09-24 10:15:40+00:00,0.79237,0.79335,0.0009799999999999,0.1,0.1,-12.85,0.0,-0.5,-13.35,,[sl 0.79335],608,0.91678,OOS,listOfTrades_USDCHF_35_3.1.133_SELL_M15.csv,C:\Users\Leon\Desktop\Business_Code\Quant_Structure\FTMO\Data_Center\Data\Trades\Raw\Backtest\DEMO_ACCOUNT\USDCHF\listOfTrades_USDCHF_35_3.1.133_SELL_M15.csv,DEMO_ACCOUNT,USDCHF,DEMO_ACCOUNT,,,,,,,,,,,,,,,,,,,,not_found,2025-09-24 06:30:00+00:00,2025-09-24 10:30:00+00:00,17,0.79237,0.7927,0.79329,0.79185,0.79185,0.79329,0.0005199999999999649,0.0009200000000000319,0.0005199999999999649,0.0009799999999999809,0.06562590708885557,0.12367959412900298,105.0,225.0,-0.0009799999999999809,-1.884615384615475,9,8,2022-01-18 05:30:00+00:00,2026-04-02 19:00:00+00:00,adjusted,raw_mae_below_realized_loss_adjusted,ok,,,
610,USDCHF,SELL,2025-10-01 13:15:00+00:00,2025-10-01 19:43:40+00:00,0.79696,0.79897,0.0020099999999999,0.1,0.1,-25.66,0.0,-0.5,-26.16,,[sl 0.79897],610,0.91678,OOS,listOfTrades_USDCHF_35_3.1.133_SELL_M15.csv,C:\Users\Leon\Desktop\Business_Code\Quant_Structure\FTMO\Data_Center\Data\Trades\Raw\Backtest\DEMO_ACCOUNT\USDCHF\listOfTrades_USDCHF_35_3.1.133_SELL_M15.csv,DEMO_ACCOUNT,USDCHF,DEMO_ACCOUNT,,,,,,,,,,,,,,,,,,,,not_found,2025-10-01 13:15:00+00:00,2025-10-01 19:45:00+00:00,27,0.79696,0.79822,0.799,0.79579,0.79579,0.799,0.0011700000000000044,0.0020400000000000418,0.0011700000000000044,0.0020400000000000418,0.14680786990564199,0.25597269624573904,135.0,390.0,-0.0020099999999999563,-1.717948717948674,3,24,2022-01-18 05:30:00+00:00,2026-04-02 19:00:00+00:00,ok,,ok,,,
612,USDCHF,SELL,2025-10-07 08:15:00+00:00,2025-10-07 09:25:40+00:00,0.79599,0.79692,0.0009299999999999,0.1,0.1,-12.17,0.0,-0.5,-12.67,,[sl 0.79692],612,0.91678,OOS,listOfTrades_USDCHF_35_3.1.133_SELL_M15.csv,C:\Users\Leon\Desktop\Business_Code\Quant_Structure\FTMO\Data_Center\Data\Trades\Raw\Backtest\DEMO_ACCOUNT\USDCHF\listOfTrades_USDCHF_35_3.1.133_SELL_M15.csv,DEMO_ACCOUNT,USDCHF,DEMO_ACCOUNT,,,,,,,,,,,,,,,,,,,,not_found,2025-10-07 08:15:00+00:00,2025-10-07 09:30:00+00:00,6,0.79599,0.79656,0.797,0.79589,0.79589,0.797,9.999999999998899e-05,0.0010100000000000664,9.999999999998899e-05,0.0010100000000000664,0.012562971896630486,0.1268860161559902,30.0,60.0,-0.0009299999999999864,-9.300000000000889,1,5,2022-01-18 05:30:00+00:00,2026-04-02 19:00:00+00:00,ok,,ok,,,
614,USDCHF,SELL,2025-10-21 10:15:00+00:00,2025-10-21 12:04:40+00:00,0.79276,0.79404,0.0012799999999999,0.1,0.1,-16.62,0.0,-0.5,-17.12,,[sl 0.79404],614,0.91678,OOS,listOfTrades_USDCHF_35_3.1.133_SELL_M15.csv,C:\Users\Leon\Desktop\Business_Code\Quant_Structure\FTMO\Data_Center\Data\Trades\Raw\Backtest\DEMO_ACCOUNT\USDCHF\listOfTrades_USDCHF_35_3.1.133_SELL_M15.csv,DEMO_ACCOUNT,USDCHF,DEMO_ACCOUNT,,,,,,,,,,,,,,,,,,,,not_found,2025-10-21 10:15:00+00:00,2025-10-21 12:15:00+00:00,9,0.79276,0.79384,0.79412,0.79219,0.79219,0.79412,0.0005700000000000705,0.0013600000000000279,0.0005700000000000705,0.0013600000000000279,0.07190070134720097,0.17155255058277763,30.0,105.0,-0.0012799999999999478,-2.24561403508735,2,7,2022-01-18 05:30:00+00:00,2026-04-02 19:00:00+00:00,ok,,ok,,,
616,USDCHF,SELL,2025-10-22 13:45:00+00:00,2025-10-22 17:54:40+00:00,0.79705,0.79587,-0.00118,0.1,0.1,14.33,0.0,-0.5,13.83,,[tp 0.79587],616,0.91678,OOS,listOfTrades_USDCHF_35_3.1.133_SELL_M15.csv,C:\Users\Leon\Desktop\Business_Code\Quant_Structure\FTMO\Data_Center\Data\Trades\Raw\Backtest\DEMO_ACCOUNT\USDCHF\listOfTrades_USDCHF_35_3.1.133_SELL_M15.csv,DEMO_ACCOUNT,USDCHF,DEMO_ACCOUNT,,,,,,,,,,,,,,,,,,,,not_found,2025-10-22 13:45:00+00:00,2025-10-22 18:00:00+00:00,18,0.79705,0.79555,0.79737,0.79527,0.79527,0.79737,0.0017800000000000038,0.00031999999999998696,0.0017800000000000038,0.00031999999999998696,0.22332350542625978,0.040148045919325887,255.0,150.0,0.0011800000000000699,0.6629213483146446,16,2,2022-01-18 05:30:00+00:00,2026-04-02 19:00:00+00:00,ok,,ok,,,
618,USDCHF,SELL,2025-10-24 05:30:00+00:00,2025-10-24 09:13:40+00:00,0.79577,0.79651,0.00074,0.1,0.1,-9.79,0.0,-0.5,-10.29,,[sl 0.79651],618,0.91678,OOS,listOfTrades_USDCHF_35_3.1.133_SELL_M15.csv,C:\Users\Leon\Desktop\Business_Code\Quant_Structure\FTMO\Data_Center\Data\Trades\Raw\Backtest\DEMO_ACCOUNT\USDCHF\listOfTrades_USDCHF_35_3.1.133_SELL_M15.csv,DEMO_ACCOUNT,USDCHF,DEMO_ACCOUNT,,,,,,,,,,,,,,,,,,,,not_found,2025-10-24 05:30:00+00:00,2025-10-24 09:15:00+00:00,16,0.79577,0.79599,0.79653,0.79562,0.79562,0.79653,0.00014999999999998348,0.0007599999999999829,0.00014999999999998348,0.0007599999999999829,0.018849667617525604,0.09550498259547142,75.0,210.0,-0.0007400000000000739,-4.933333333334369,0,16,2022-01-18 05:30:00+00:00,2026-04-02 19:00:00+00:00,ok,,ok,,,
620,USDCHF,SELL,2025-10-27 08:15:00+00:00,2025-10-27 14:20:40+00:00,0.79655,0.79555,-0.001,0.1,0.1,12.07,0.0,-0.5,11.57,,[tp 0.79555],620,0.91678,OOS,listOfTrades_USDCHF_35_3.1.133_SELL_M15.csv,C:\Users\Leon\Desktop\Business_Code\Quant_Structure\FTMO\Data_Center\Data\Trades\Raw\Backtest\DEMO_ACCOUNT\USDCHF\listOfTrades_USDCHF_35_3.1.133_SELL_M15.csv,DEMO_ACCOUNT,USDCHF,DEMO_ACCOUNT,,,,,,,,,,,,,,,,,,,,not_found,2025-10-27 08:15:00+00:00,2025-10-27 14:30:00+00:00,26,0.79655,0.79588,0.79728,0.79539,0.79539,0.79728,0.0011599999999999389,0.0007300000000000084,0.0011599999999999389,0.0007300000000000084,0.1456280208398643,0.0916452200112998,360.0,165.0,0.0010000000000000009,0.8620689655172876,16,10,2022-01-18 05:30:00+00:00,2026-04-02 19:00:00+00:00,ok,,ok,,,
622,USDCHF,SELL,2025-10-29 05:15:00+00:00,2025-10-29 08:17:40+00:00,0.7936,0.79469,0.00109,0.1,0.1,-14.22,0.0,-0.5,-14.72,,[sl 0.79469],622,0.91678,OOS,listOfTrades_USDCHF_35_3.1.133_SELL_M15.csv,C:\Users\Leon\Desktop\Business_Code\Quant_Structure\FTMO\Data_Center\Data\Trades\Raw\Backtest\DEMO_ACCOUNT\USDCHF\listOfTrades_USDCHF_35_3.1.133_SELL_M15.csv,DEMO_ACCOUNT,USDCHF,DEMO_ACCOUNT,,,,,,,,,,,,,,,,,,,,not_found,2025-10-29 05:15:00+00:00,2025-10-29 08:30:00+00:00,14,0.7936,0.79463,0.79473,0.79356,0.79356,0.79473,3.999999999992898e-05,0.0011300000000000754,3.999999999992898e-05,0.0011300000000000754,0.005040322580636213,0.14238911290323533,45.0,195.0,-0.0010900000000000354,-27.250000000049265,0,14,2022-01-18 05:30:00+00:00,2026-04-02 19:00:00+00:00,ok,,ok,,,
624,USDCHF,SELL,2025-11-17 08:15:00+00:00,2025-11-17 08:51:20+00:00,0.79528,0.79431,-0.00097,0.1,0.1,11.71,0.0,-0.5,11.21,,[tp 0.79431],624,0.91678,OOS,listOfTrades_USDCHF_35_3.1.133_SELL_M15.csv,C:\Users\Leon\Desktop\Business_Code\Quant_Structure\FTMO\Data_Center\Data\Trades\Raw\Backtest\DEMO_ACCOUNT\USDCHF\listOfTrades_USDCHF_35_3.1.133_SELL_M15.csv,DEMO_ACCOUNT,USDCHF,DEMO_ACCOUNT,,,,,,,,,,,,,,,,,,,,not_found,2025-11-17 08:15:00+00:00,2025-11-17 09:00:00+00:00,4,0.79528,0.79449,0.79536,0.79425,0.79425,0.79536,0.0010299999999999754,7.999999999996898e-05,0.0010299999999999754,7.999999999996898e-05,0.1295141333869801,0.010059350165975377,30.0,0.0,0.0009700000000000264,0.9417475728155821,4,0,2022-01-18 05:30:00+00:00,2026-04-02 19:00:00+00:00,ok,,ok,,,
626,USDCHF,SELL,2025-11-18 12:30:00+00:00,2025-11-18 17:55:40+00:00,0.79679,0.7982,0.00141,0.1,0.1,-18.16,0.0,-0.5,-18.66,,[sl 0.79820],626,0.91678,OOS,listOfTrades_USDCHF_35_3.1.133_SELL_M15.csv,C:\Users\Leon\Desktop\Business_Code\Quant_Structure\FTMO\Data_Center\Data\Trades\Raw\Backtest\DEMO_ACCOUNT\USDCHF\listOfTrades_USDCHF_35_3.1.133_SELL_M15.csv,DEMO_ACCOUNT,USDCHF,DEMO_ACCOUNT,,,,,,,,,,,,,,,,,,,,not_found,2025-11-18 12:30:00+00:00,2025-11-18 18:00:00+00:00,23,0.79679,0.79929,0.79961,0.79547,0.79547,0.79961,0.0013199999999999878,0.0028200000000000447,0.0013199999999999878,0.0028200000000000447,0.1656647297280322,0.35392010441898675,180.0,330.0,-0.0014100000000000223,-1.068181818181845,13,9,2022-01-18 05:30:00+00:00,2026-04-02 19:00:00+00:00,ok,,ok,,,
628,USDCHF,SELL,2025-12-01 05:15:00+00:00,2025-12-01 10:06:40+00:00,0.80423,0.803,-0.0012299999999999,0.1,0.1,14.82,0.0,-0.5,14.32,,[tp 0.80300],628,0.91678,OOS,listOfTrades_USDCHF_35_3.1.133_SELL_M15.csv,C:\Users\Leon\Desktop\Business_Code\Quant_Structure\FTMO\Data_Center\Data\Trades\Raw\Backtest\DEMO_ACCOUNT\USDCHF\listOfTrades_USDCHF_35_3.1.133_SELL_M15.csv,DEMO_ACCOUNT,USDCHF,DEMO_ACCOUNT,,,,,,,,,,,,,,,,,,,,not_found,2025-12-01 05:15:00+00:00,2025-12-01 10:15:00+00:00,21,0.80423,0.80263,0.80471,0.80208,0.80208,0.80471,0.0021499999999999853,0.00048000000000003595,0.0021499999999999853,0.00048000000000003595,0.26733645847580734,0.0596844186364642,300.0,165.0,0.0012299999999999534,0.5720930232557961,14,5,2022-01-18 05:30:00+00:00,2026-04-02 19:00:00+00:00,ok,,ok,,,
630,USDCHF,SELL,2025-12-12 06:00:00+00:00,2025-12-12 14:44:40+00:00,0.79485,0.79607,0.0012200000000001,0.1,0.1,-15.83,0.0,-0.5,-16.33,,[sl 0.79607],630,0.91678,OOS,listOfTrades_USDCHF_35_3.1.133_SELL_M15.csv,C:\Users\Leon\Desktop\Business_Code\Quant_Structure\FTMO\Data_Center\Data\Trades\Raw\Backtest\DEMO_ACCOUNT\USDCHF\listOfTrades_USDCHF_35_3.1.133_SELL_M15.csv,DEMO_ACCOUNT,USDCHF,DEMO_ACCOUNT,,,,,,,,,,,,,,,,,,,,not_found,2025-12-12 06:00:00+00:00,2025-12-12 14:45:00+00:00,36,0.79485,0.79573,0.79627,0.79447,0.79447,0.79627,0.00037999999999993594,0.0014200000000000879,0.00037999999999993594,0.0014200000000000879,0.04780776247089841,0.17865005975971415,225.0,525.0,-0.0012200000000001099,-3.210526315790304,11,24,2022-01-18 05:30:00+00:00,2026-04-02 19:00:00+00:00,ok,,ok,,,
632,USDCHF,SELL,2025-12-15 10:45:00+00:00,2025-12-15 12:24:40+00:00,0.79688,0.79577,-0.00111,0.1,0.1,13.45,0.0,-0.5,12.95,,[tp 0.79577],632,0.91678,OOS,listOfTrades_USDCHF_35_3.1.133_SELL_M15.csv,C:\Users\Leon\Desktop\Business_Code\Quant_Structure\FTMO\Data_Center\Data\Trades\Raw\Backtest\DEMO_ACCOUNT\USDCHF\listOfTrades_USDCHF_35_3.1.133_SELL_M15.csv,DEMO_ACCOUNT,USDCHF,DEMO_ACCOUNT,,,,,,,,,,,,,,,,,,,,not_found,2025-12-15 10:45:00+00:00,2025-12-15 12:30:00+00:00,8,0.79688,0.79611,0.79735,0.7956,0.7956,0.79735,0.0012800000000000589,0.00046999999999997044,0.0012800000000000589,0.00046999999999997044,0.16062644312820737,0.05898002208613222,90.0,15.0,0.0011100000000000554,0.8671875000000034,7,1,2022-01-18 05:30:00+00:00,2026-04-02 19:00:00+00:00,ok,,ok,,,
634,USDCHF,SELL,2025-12-16 08:15:00+00:00,2025-12-16 11:48:40+00:00,0.79654,0.79571,-0.0008299999999999,0.1,0.1,9.93,0.0,-0.5,9.43,,[tp 0.79571],634,0.91678,OOS,listOfTrades_USDCHF_35_3.1.133_SELL_M15.csv,C:\Users\Leon\Desktop\Business_Code\Quant_Structure\FTMO\Data_Center\Data\Trades\Raw\Backtest\DEMO_ACCOUNT\USDCHF\listOfTrades_USDCHF_35_3.1.133_SELL_M15.csv,DEMO_ACCOUNT,USDCHF,DEMO_ACCOUNT,,,,,,,,,,,,,,,,,,,,not_found,2025-12-16 08:15:00+00:00,2025-12-16 12:00:00+00:00,16,0.79654,0.79583,0.79706,0.79552,0.79552,0.79706,0.0010200000000000209,0.0005199999999999649,0.0010200000000000209,0.0005199999999999649,0.1280538328269793,0.06528234614708174,225.0,135.0,0.0008299999999999974,0.8137254901960592,10,6,2022-01-18 05:30:00+00:00,2026-04-02 19:00:00+00:00,ok,,ok,,,
636,USDCHF,SELL,2025-12-17 06:15:00+00:00,2025-12-17 08:15:00+00:00,0.79593,0.79698,0.0010499999999999,0.1,0.1,-13.67,0.0,-0.5,-14.17,,[sl 0.79698],636,0.91678,OOS,listOfTrades_USDCHF_35_3.1.133_SELL_M15.csv,C:\Users\Leon\Desktop\Business_Code\Quant_Structure\FTMO\Data_Center\Data\Trades\Raw\Backtest\DEMO_ACCOUNT\USDCHF\listOfTrades_USDCHF_35_3.1.133_SELL_M15.csv,DEMO_ACCOUNT,USDCHF,DEMO_ACCOUNT,,,,,,,,,,,,,,,,,,,,not_found,2025-12-17 06:15:00+00:00,2025-12-17 08:15:00+00:00,9,0.79593,0.7969,0.7971,0.79581,0.79581,0.7971,0.00012000000000000899,0.0011700000000000044,0.00012000000000000899,0.0011700000000000044,0.015076702725115146,0.1469978515698622,0.0,120.0,-0.0010499999999999954,-8.749999999999305,0,9,2022-01-18 05:30:00+00:00,2026-04-02 19:00:00+00:00,ok,,ok,,,
638,USDCHF,SELL,2025-12-19 05:45:00+00:00,2025-12-19 09:54:20+00:00,0.79516,0.79615,0.00099,0.1,0.1,-12.93,0.0,-0.5,-13.43,,[sl 0.79615],638,0.91678,OOS,listOfTrades_USDCHF_35_3.1.133_SELL_M15.csv,C:\Users\Leon\Desktop\Business_Code\Quant_Structure\FTMO\Data_Center\Data\Trades\Raw\Backtest\DEMO_ACCOUNT\USDCHF\listOfTrades_USDCHF_35_3.1.133_SELL_M15.csv,DEMO_ACCOUNT,USDCHF,DEMO_ACCOUNT,,,,,,,,,,,,,,,,,,,,not_found,2025-12-19 05:45:00+00:00,2025-12-19 10:00:00+00:00,18,0.79516,0.79553,0.79609,0.79456,0.79456,0.79609,0.0005999999999999339,0.0009299999999999864,0.0005999999999999339,0.0009900000000000464,0.0754565118969684,0.1245032446300174,150.0,240.0,-0.0009900000000000464,-1.650000000000259,9,9,2022-01-18 05:30:00+00:00,2026-04-02 19:00:00+00:00,adjusted,raw_mae_below_realized_loss_adjusted,ok,,,
640,USDCHF,SELL,2025-12-24 06:15:30+00:00,2025-12-24 08:42:20+00:00,0.78765,0.78665,-0.001,0.1,0.1,12.21,0.0,-0.5,11.71,,[tp 0.78665],640,0.91678,OOS,listOfTrades_USDCHF_35_3.1.133_SELL_M15.csv,C:\Users\Leon\Desktop\Business_Code\Quant_Structure\FTMO\Data_Center\Data\Trades\Raw\Backtest\DEMO_ACCOUNT\USDCHF\listOfTrades_USDCHF_35_3.1.133_SELL_M15.csv,DEMO_ACCOUNT,USDCHF,DEMO_ACCOUNT,,,,,,,,,,,,,,,,,,,,not_found,2025-12-24 06:15:00+00:00,2025-12-24 08:45:00+00:00,11,0.78765,0.78695,0.78771,0.78659,0.78659,0.78771,0.0010599999999999499,6.0000000000060005e-05,0.0010599999999999499,6.0000000000060005e-05,0.1345775407858757,0.007617596648265093,134.5,-0.5,0.0010000000000000009,0.9433962264151398,11,0,2022-01-18 05:30:00+00:00,2026-04-02 19:00:00+00:00,ok,,ok,,,
642,USDCHF,SELL,2025-12-26 09:15:00+00:00,2025-12-26 10:07:40+00:00,0.78891,0.78996,0.0010499999999999,0.1,0.1,-13.79,0.0,-0.5,-14.29,,[sl 0.78996],642,0.91678,OOS,listOfTrades_USDCHF_35_3.1.133_SELL_M15.csv,C:\Users\Leon\Desktop\Business_Code\Quant_Structure\FTMO\Data_Center\Data\Trades\Raw\Backtest\DEMO_ACCOUNT\USDCHF\listOfTrades_USDCHF_35_3.1.133_SELL_M15.csv,DEMO_ACCOUNT,USDCHF,DEMO_ACCOUNT,,,,,,,,,,,,,,,,,,,,not_found,2025-12-26 09:15:00+00:00,2025-12-26 10:15:00+00:00,5,0.78891,0.78967,0.79032,0.78889,0.78889,0.79032,2.0000000000020002e-05,0.0014100000000000223,2.0000000000020002e-05,0.0014100000000000223,0.0025351434257418464,0.17872761151462427,0.0,45.0,-0.0010499999999999954,-52.49999999994726,0,5,2022-01-18 05:30:00+00:00,2026-04-02 19:00:00+00:00,ok,,ok,,,
644,USDCHF,SELL,2025-12-29 05:30:00+00:00,2025-12-29 09:34:40+00:00,0.78971,0.78858,-0.00113,0.1,0.1,13.83,0.0,-0.5,13.33,,[tp 0.78858],644,0.91678,OOS,listOfTrades_USDCHF_35_3.1.133_SELL_M15.csv,C:\Users\Leon\Desktop\Business_Code\Quant_Structure\FTMO\Data_Center\Data\Trades\Raw\Backtest\DEMO_ACCOUNT\USDCHF\listOfTrades_USDCHF_35_3.1.133_SELL_M15.csv,DEMO_ACCOUNT,USDCHF,DEMO_ACCOUNT,,,,,,,,,,,,,,,,,,,,not_found,2025-12-29 05:30:00+00:00,2025-12-29 09:45:00+00:00,18,0.78971,0.7887,0.79008,0.7884,0.7884,0.79008,0.0013100000000000334,0.00036999999999998145,0.0013100000000000334,0.00036999999999998145,0.16588367881881114,0.04685264210912632,240.0,105.0,0.0011300000000000754,0.8625954198473639,12,5,2022-01-18 05:30:00+00:00,2026-04-02 19:00:00+00:00,ok,,ok,,,
646,USDCHF,SELL,2025-12-30 10:15:00+00:00,2025-12-30 12:06:40+00:00,0.78922,0.78824,-0.0009799999999999,0.1,0.1,11.93,0.0,-0.5,11.43,,[tp 0.78824],646,0.91678,OOS,listOfTrades_USDCHF_35_3.1.133_SELL_M15.csv,C:\Users\Leon\Desktop\Business_Code\Quant_Structure\FTMO\Data_Center\Data\Trades\Raw\Backtest\DEMO_ACCOUNT\USDCHF\listOfTrades_USDCHF_35_3.1.133_SELL_M15.csv,DEMO_ACCOUNT,USDCHF,DEMO_ACCOUNT,,,,,,,,,,,,,,,,,,,,not_found,2025-12-30 10:15:00+00:00,2025-12-30 12:15:00+00:00,9,0.78922,0.78811,0.78969,0.78809,0.78809,0.78969,0.0011300000000000754,0.00046999999999997044,0.0011300000000000754,0.00046999999999997044,0.1431793416284528,0.059552469526870884,120.0,45.0,0.0009799999999999809,0.8672566371680668,6,3,2022-01-18 05:30:00+00:00,2026-04-02 19:00:00+00:00,ok,,ok,,,
648,USDCHF,SELL,2025-12-31 07:00:00+00:00,2025-12-31 09:10:20+00:00,0.79255,0.79332,0.00077,0.1,0.1,-10.21,0.0,-0.5,-10.71,,[sl 0.79332],648,0.91678,OOS,listOfTrades_USDCHF_35_3.1.133_SELL_M15.csv,C:\Users\Leon\Desktop\Business_Code\Quant_Structure\FTMO\Data_Center\Data\Trades\Raw\Backtest\DEMO_ACCOUNT\USDCHF\listOfTrades_USDCHF_35_3.1.133_SELL_M15.csv,DEMO_ACCOUNT,USDCHF,DEMO_ACCOUNT,,,,,,,,,,,,,,,,,,,,not_found,2025-12-31 07:00:00+00:00,2025-12-31 09:15:00+00:00,10,0.79255,0.79292,0.79332,0.79242,0.79242,0.79332,0.00012999999999996348,0.0007700000000000484,0.00012999999999996348,0.0007700000000000484,0.01640275061509854,0.09715475364330937,0.0,135.0,-0.0007700000000000484,-5.92307692307896,1,8,2022-01-18 05:30:00+00:00,2026-04-02 19:00:00+00:00,ok,,ok,,,
650,USDCHF,SELL,2026-01-02 08:00:00+00:00,2026-01-02 09:30:40+00:00,0.79243,0.79335,0.00092,0.1,0.1,-12.1,0.0,-0.5,-12.6,,[sl 0.79335],650,0.91678,OOS,listOfTrades_USDCHF_35_3.1.133_SELL_M15.csv,C:\Users\Leon\Desktop\Business_Code\Quant_Structure\FTMO\Data_Center\Data\Trades\Raw\Backtest\DEMO_ACCOUNT\USDCHF\listOfTrades_USDCHF_35_3.1.133_SELL_M15.csv,DEMO_ACCOUNT,USDCHF,DEMO_ACCOUNT,,,,,,,,,,,,,,,,,,,,not_found,2026-01-02 08:00:00+00:00,2026-01-02 09:45:00+00:00,8,0.79243,0.79343,0.79402,0.79243,0.79243,0.79402,0.0,0.0015899999999999803,0.0,0.0015899999999999803,0.0,0.20064863773456085,0.0,90.0,-0.0009200000000000319,,0,8,2022-01-18 05:30:00+00:00,2026-04-02 19:00:00+00:00,ok,,ok,,,
652,USDCHF,SELL,2026-01-06 12:15:00+00:00,2026-01-06 17:11:00+00:00,0.79275,0.79401,0.00126,0.1,0.1,-16.37,0.0,-0.5,-16.87,,[sl 0.79401],652,0.91678,OOS,listOfTrades_USDCHF_35_3.1.133_SELL_M15.csv,C:\Users\Leon\Desktop\Business_Code\Quant_Structure\FTMO\Data_Center\Data\Trades\Raw\Backtest\DEMO_ACCOUNT\USDCHF\listOfTrades_USDCHF_35_3.1.133_SELL_M15.csv,DEMO_ACCOUNT,USDCHF,DEMO_ACCOUNT,,,,,,,,,,,,,,,,,,,,not_found,2026-01-06 12:15:00+00:00,2026-01-06 17:15:00+00:00,21,0.79275,0.79467,0.79471,0.79237,0.79237,0.79471,0.00037999999999993594,0.001960000000000073,0.00037999999999993594,0.001960000000000073,0.04793440555029151,0.24724061810155445,15.0,300.0,-0.0012600000000000389,-3.315789473684872,5,16,2022-01-18 05:30:00+00:00,2026-04-02 19:00:00+00:00,ok,,ok,,,
654,USDCHF,SELL,2026-01-21 05:30:00+00:00,2026-01-21 14:32:00+00:00,0.79154,0.78989,-0.00165,0.1,0.1,20.39,0.0,-0.5,19.89,,[tp 0.78989],654,0.91678,OOS,listOfTrades_USDCHF_35_3.1.133_SELL_M15.csv,C:\Users\Leon\Desktop\Business_Code\Quant_Structure\FTMO\Data_Center\Data\Trades\Raw\Backtest\DEMO_ACCOUNT\USDCHF\listOfTrades_USDCHF_35_3.1.133_SELL_M15.csv,DEMO_ACCOUNT,USDCHF,DEMO_ACCOUNT,,,,,,,,,,,,,,,,,,,,not_found,2026-01-21 05:30:00+00:00,2026-01-21 14:45:00+00:00,38,0.79154,0.7895,0.7931,0.78902,0.78902,0.7931,0.0025199999999999667,0.0015600000000000058,0.0025199999999999667,0.0015600000000000058,0.318366728150184,0.19708416504535536,555.0,390.0,0.0016500000000000403,0.6547619047619294,23,15,2022-01-18 05:30:00+00:00,2026-04-02 19:00:00+00:00,ok,,ok,,,
656,USDCHF,SELL,2026-01-23 05:45:00+00:00,2026-01-23 17:52:40+00:00,0.79041,0.78941,-0.001,0.1,0.1,12.17,0.0,-0.5,11.67,,[tp 0.78941],656,0.91678,OOS,listOfTrades_USDCHF_35_3.1.133_SELL_M15.csv,C:\Users\Leon\Desktop\Business_Code\Quant_Structure\FTMO\Data_Center\Data\Trades\Raw\Backtest\DEMO_ACCOUNT\USDCHF\listOfTrades_USDCHF_35_3.1.133_SELL_M15.csv,DEMO_ACCOUNT,USDCHF,DEMO_ACCOUNT,,,,,,,,,,,,,,,,,,,,not_found,2026-01-23 05:45:00+00:00,2026-01-23 18:00:00+00:00,50,0.79041,0.78995,0.79144,0.78884,0.78884,0.79144,0.0015699999999999603,0.0010300000000000864,0.0015699999999999603,0.0010300000000000864,0.19863109019369196,0.13031211649651275,720.0,390.0,0.0010000000000000009,0.6369426751592523,26,21,2022-01-18 05:30:00+00:00,2026-04-02 19:00:00+00:00,ok,,ok,,,
658,USDCHF,SELL,2026-01-27 06:30:00+00:00,2026-01-27 11:52:40+00:00,0.7776,0.77607,-0.0015299999999999,0.1,0.1,19.21,0.0,-0.5,18.71,,[tp 0.77607],658,0.91678,OOS,listOfTrades_USDCHF_35_3.1.133_SELL_M15.csv,C:\Users\Leon\Desktop\Business_Code\Quant_Structure\FTMO\Data_Center\Data\Trades\Raw\Backtest\DEMO_ACCOUNT\USDCHF\listOfTrades_USDCHF_35_3.1.133_SELL_M15.csv,DEMO_ACCOUNT,USDCHF,DEMO_ACCOUNT,,,,,,,,,,,,,,,,,,,,not_found,2026-01-27 06:30:00+00:00,2026-01-27 12:00:00+00:00,23,0.7776,0.77698,0.77839,0.77556,0.77556,0.77839,0.0020399999999999308,0.0007900000000000684,0.0020399999999999308,0.0007900000000000684,0.2623456790123368,0.10159465020577012,315.0,225.0,0.0015299999999999203,0.7499999999999863,16,7,2022-01-18 05:30:00+00:00,2026-04-02 19:00:00+00:00,ok,,ok,,,
660,USDCHF,SELL,2026-01-28 10:45:00+00:00,2026-01-28 17:07:40+00:00,0.76716,0.76997,0.00281,0.1,0.1,-36.99,0.0,-0.5,-37.49,,[sl 0.76997],660,0.91678,OOS,listOfTrades_USDCHF_35_3.1.133_SELL_M15.csv,C:\Users\Leon\Desktop\Business_Code\Quant_Structure\FTMO\Data_Center\Data\Trades\Raw\Backtest\DEMO_ACCOUNT\USDCHF\listOfTrades_USDCHF_35_3.1.133_SELL_M15.csv,DEMO_ACCOUNT,USDCHF,DEMO_ACCOUNT,,,,,,,,,,,,,,,,,,,,not_found,2026-01-28 10:45:00+00:00,2026-01-28 17:15:00+00:00,27,0.76716,0.77053,0.772,0.76625,0.76625,0.772,0.0009099999999999664,0.0048400000000000665,0.0009099999999999664,0.0048400000000000665,0.11861932321809876,0.630898378434755,225.0,375.0,-0.00281000000000009,-3.087912087912301,7,20,2022-01-18 05:30:00+00:00,2026-04-02 19:00:00+00:00,ok,,ok,,,
662,USDCHF,SELL,2026-02-02 10:45:00+00:00,2026-02-02 12:41:40+00:00,0.77375,0.77595,0.0021999999999999,0.1,0.1,-28.85,0.0,-0.5,-29.35,,[sl 0.77595],662,0.91678,OOS,listOfTrades_USDCHF_35_3.1.133_SELL_M15.csv,C:\Users\Leon\Desktop\Business_Code\Quant_Structure\FTMO\Data_Center\Data\Trades\Raw\Backtest\DEMO_ACCOUNT\USDCHF\listOfTrades_USDCHF_35_3.1.133_SELL_M15.csv,DEMO_ACCOUNT,USDCHF,DEMO_ACCOUNT,,,,,,,,,,,,,,,,,,,,not_found,2026-02-02 10:45:00+00:00,2026-02-02 12:45:00+00:00,9,0.77375,0.77576,0.77634,0.77333,0.77333,0.77634,0.00042000000000008697,0.002589999999999981,0.00042000000000008697,0.002589999999999981,0.054281098546053244,0.3347334410339232,0.0,120.0,-0.0021999999999999797,-5.238095238094105,0,9,2022-01-18 05:30:00+00:00,2026-04-02 19:00:00+00:00,ok,,ok,,,
664,USDCHF,SELL,2026-02-04 12:30:00+00:00,2026-02-04 15:15:40+00:00,0.7767,0.77519,-0.0015099999999999,0.1,0.1,18.98,0.0,-0.5,18.48,,[tp 0.77519],664,0.91678,OOS,listOfTrades_USDCHF_35_3.1.133_SELL_M15.csv,C:\Users\Leon\Desktop\Business_Code\Quant_Structure\FTMO\Data_Center\Data\Trades\Raw\Backtest\DEMO_ACCOUNT\USDCHF\listOfTrades_USDCHF_35_3.1.133_SELL_M15.csv,DEMO_ACCOUNT,USDCHF,DEMO_ACCOUNT,,,,,,,,,,,,,,,,,,,,not_found,2026-02-04 12:30:00+00:00,2026-02-04 15:30:00+00:00,13,0.7767,0.77591,0.77722,0.77486,0.77486,0.77722,0.0018399999999999528,0.000520000000000076,0.0018399999999999528,0.000520000000000076,0.23689970387536408,0.06694991631261439,165.0,0.0,0.0015099999999999003,0.8206521739130104,11,2,2022-01-18 05:30:00+00:00,2026-04-02 19:00:00+00:00,ok,,ok,,,
666,USDCHF,SELL,2026-02-06 10:45:00+00:00,2026-02-06 15:34:40+00:00,0.77841,0.77726,-0.00115,0.1,0.1,14.3,0.0,-0.5,13.8,,[tp 0.77726],666,0.91678,OOS,listOfTrades_USDCHF_35_3.1.133_SELL_M15.csv,C:\Users\Leon\Desktop\Business_Code\Quant_Structure\FTMO\Data_Center\Data\Trades\Raw\Backtest\DEMO_ACCOUNT\USDCHF\listOfTrades_USDCHF_35_3.1.133_SELL_M15.csv,DEMO_ACCOUNT,USDCHF,DEMO_ACCOUNT,,,,,,,,,,,,,,,,,,,,not_found,2026-02-06 10:45:00+00:00,2026-02-06 15:45:00+00:00,21,0.77841,0.777,0.77859,0.77692,0.77692,0.77859,0.0014899999999999913,0.00017999999999995797,0.0014899999999999913,0.00017999999999995797,0.1914158348428195,0.023124060585033333,300.0,0.0,0.0011500000000000954,0.7718120805369812,19,1,2022-01-18 05:30:00+00:00,2026-04-02 19:00:00+00:00,ok,,ok,,,
668,USDCHF,SELL,2026-02-13 07:00:00+00:00,2026-02-13 09:30:40+00:00,0.77,0.77132,0.0013199999999999,0.1,0.1,-17.61,0.0,-0.5,-18.11,,[sl 0.77132],668,0.91678,OOS,listOfTrades_USDCHF_35_3.1.133_SELL_M15.csv,C:\Users\Leon\Desktop\Business_Code\Quant_Structure\FTMO\Data_Center\Data\Trades\Raw\Backtest\DEMO_ACCOUNT\USDCHF\listOfTrades_USDCHF_35_3.1.133_SELL_M15.csv,DEMO_ACCOUNT,USDCHF,DEMO_ACCOUNT,,,,,,,,,,,,,,,,,,,,not_found,2026-02-13 07:00:00+00:00,2026-02-13 09:45:00+00:00,12,0.77,0.77052,0.77179,0.76977,0.76977,0.77179,0.0002300000000000635,0.0017899999999999583,0.0002300000000000635,0.0017899999999999583,0.029870129870138113,0.23246753246752705,75.0,150.0,-0.0013199999999999878,-5.7391304347809715,1,11,2022-01-18 05:30:00+00:00,2026-04-02 19:00:00+00:00,ok,,ok,,,
670,USDCHF,SELL,2026-02-16 10:45:00+00:00,2026-02-16 13:05:40+00:00,0.76887,0.77,0.0011299999999999,0.1,0.1,-15.18,0.0,-0.5,-15.68,,[sl 0.77000],670,0.91678,OOS,listOfTrades_USDCHF_35_3.1.133_SELL_M15.csv,C:\Users\Leon\Desktop\Business_Code\Quant_Structure\FTMO\Data_Center\Data\Trades\Raw\Backtest\DEMO_ACCOUNT\USDCHF\listOfTrades_USDCHF_35_3.1.133_SELL_M15.csv,DEMO_ACCOUNT,USDCHF,DEMO_ACCOUNT,,,,,,,,,,,,,,,,,,,,not_found,2026-02-16 10:45:00+00:00,2026-02-16 13:15:00+00:00,11,0.76887,0.76986,0.77014,0.76866,0.76866,0.77014,0.00021000000000004349,0.0012699999999999934,0.00021000000000004349,0.0012699999999999934,0.02731280970775859,0.1651774682326002,30.0,135.0,-0.0011299999999999644,-5.380952380951097,2,9,2022-01-18 05:30:00+00:00,2026-04-02 19:00:00+00:00,ok,,ok,,,
672,USDCHF,SELL,2026-02-17 09:45:00+00:00,2026-02-17 10:48:40+00:00,0.77031,0.76939,-0.00092,0.1,0.1,11.46,0.0,-0.5,10.96,,[tp 0.76939],672,0.91678,OOS,listOfTrades_USDCHF_35_3.1.133_SELL_M15.csv,C:\Users\Leon\Desktop\Business_Code\Quant_Structure\FTMO\Data_Center\Data\Trades\Raw\Backtest\DEMO_ACCOUNT\USDCHF\listOfTrades_USDCHF_35_3.1.133_SELL_M15.csv,DEMO_ACCOUNT,USDCHF,DEMO_ACCOUNT,,,,,,,,,,,,,,,,,,,,not_found,2026-02-17 09:45:00+00:00,2026-02-17 11:00:00+00:00,6,0.77031,0.76927,0.77068,0.76889,0.76889,0.77068,0.0014200000000000879,0.00036999999999998145,0.0014200000000000879,0.00036999999999998145,0.18434136905922133,0.04803261024781989,60.0,0.0,0.0009200000000000319,0.6478873239436443,4,2,2022-01-18 05:30:00+00:00,2026-04-02 19:00:00+00:00,ok,,ok,,,
674,USDCHF,SELL,2026-02-18 06:00:00+00:00,2026-02-18 10:42:40+00:00,0.77108,0.77211,0.0010299999999999,0.1,0.1,-13.84,0.0,-0.5,-14.34,,[sl 0.77211],674,0.91678,OOS,listOfTrades_USDCHF_35_3.1.133_SELL_M15.csv,C:\Users\Leon\Desktop\Business_Code\Quant_Structure\FTMO\Data_Center\Data\Trades\Raw\Backtest\DEMO_ACCOUNT\USDCHF\listOfTrades_USDCHF_35_3.1.133_SELL_M15.csv,DEMO_ACCOUNT,USDCHF,DEMO_ACCOUNT,,,,,,,,,,,,,,,,,,,,not_found,2026-02-18 06:00:00+00:00,2026-02-18 10:45:00+00:00,20,0.77108,0.77169,0.77215,0.77055,0.77055,0.77215,0.0005300000000000304,0.0010700000000000154,0.0005300000000000304,0.0010700000000000154,0.06873476163303813,0.13876640556103328,180.0,270.0,-0.0010299999999999754,-1.9433962264149363,12,8,2022-01-18 05:30:00+00:00,2026-04-02 19:00:00+00:00,ok,,ok,,,
676,USDCHF,SELL,2026-02-23 09:00:00+00:00,2026-02-23 11:16:40+00:00,0.77245,0.774,0.00155,0.1,0.1,-20.53,0.0,-0.5,-21.03,,[sl 0.77400],676,0.91678,OOS,listOfTrades_USDCHF_35_3.1.133_SELL_M15.csv,C:\Users\Leon\Desktop\Business_Code\Quant_Structure\FTMO\Data_Center\Data\Trades\Raw\Backtest\DEMO_ACCOUNT\USDCHF\listOfTrades_USDCHF_35_3.1.133_SELL_M15.csv,DEMO_ACCOUNT,USDCHF,DEMO_ACCOUNT,,,,,,,,,,,,,,,,,,,,not_found,2026-02-23 09:00:00+00:00,2026-02-23 11:30:00+00:00,11,0.77245,0.77377,0.77413,0.77206,0.77206,0.77413,0.00039000000000000146,0.0016800000000000148,0.00039000000000000146,0.0016800000000000148,0.050488704770535506,0.2174898051653848,45.0,135.0,-0.0015500000000000513,-3.9743589743590912,3,8,2022-01-18 05:30:00+00:00,2026-04-02 19:00:00+00:00,ok,,ok,,,
678,USDCHF,SELL,2026-02-25 12:00:00+00:00,2026-02-25 13:18:20+00:00,0.77408,0.77528,0.0011999999999999,0.1,0.1,-15.98,0.0,-0.5,-16.48,,[sl 0.77528],678,0.91678,OOS,listOfTrades_USDCHF_35_3.1.133_SELL_M15.csv,C:\Users\Leon\Desktop\Business_Code\Quant_Structure\FTMO\Data_Center\Data\Trades\Raw\Backtest\DEMO_ACCOUNT\USDCHF\listOfTrades_USDCHF_35_3.1.133_SELL_M15.csv,DEMO_ACCOUNT,USDCHF,DEMO_ACCOUNT,,,,,,,,,,,,,,,,,,,,not_found,2026-02-25 12:00:00+00:00,2026-02-25 13:30:00+00:00,7,0.77408,0.77567,0.77575,0.77404,0.77404,0.77575,4.0000000000040004e-05,0.0016700000000000603,4.0000000000040004e-05,0.0016700000000000603,0.0051674245556066565,0.21573997519636992,0.0,90.0,-0.0011999999999999789,-29.999999999969468,0,7,2022-01-18 05:30:00+00:00,2026-04-02 19:00:00+00:00,ok,,ok,,,
680,USDCHF,SELL,2026-03-02 08:45:00+00:00,2026-03-02 09:18:40+00:00,0.77023,0.7719,0.00167,0.1,0.1,-22.13,0.0,-0.5,-22.63,,[sl 0.77190],680,0.91678,OOS,listOfTrades_USDCHF_35_3.1.133_SELL_M15.csv,C:\Users\Leon\Desktop\Business_Code\Quant_Structure\FTMO\Data_Center\Data\Trades\Raw\Backtest\DEMO_ACCOUNT\USDCHF\listOfTrades_USDCHF_35_3.1.133_SELL_M15.csv,DEMO_ACCOUNT,USDCHF,DEMO_ACCOUNT,,,,,,,,,,,,,,,,,,,,not_found,2026-03-02 08:45:00+00:00,2026-03-02 09:30:00+00:00,4,0.77023,0.77242,0.77294,0.76961,0.76961,0.77294,0.0006199999999999539,0.00270999999999999,0.0006199999999999539,0.00270999999999999,0.08049543642807394,0.3518429560001546,0.0,45.0,-0.0016700000000000603,-2.6935483870970716,0,4,2022-01-18 05:30:00+00:00,2026-04-02 19:00:00+00:00,ok,,ok,,,
