Ticket,Symbol,Type,Open time,Open price,Size,Close time,Close price,Time in trade,Profit/Loss,Cummulative P/L,Comm/Swap,P/L in money,Cummulative money P/L,P/L in pips,Cummulative pips P/L,P/L in %,Cummulative % P/L,Comment,Sample type
2,USDCHF,Buy,06.07.2021 04:15:00,0.92226,0.1,06.07.2021 12:35:40,0.92452,8h 20m,23.95,23.95,-0.5,23.95,23.95,22.6,22.6,0.24,0.24,tp 0.92452,IS
4,USDCHF,Buy,07.07.2021 02:45:00,0.92517,0.1,07.07.2021 23:45:00,0.92565,21h 0m,4.69,28.64,-0.5,4.69,28.64,4.8,27.4,0.05,0.29,Strategy_6_47_153,IS
6,USDCHF,Buy,08.07.2021 03:30:00,0.92566,0.1,08.07.2021 10:59:40,0.92016,7h 29m,-60.27,-31.63,-0.5,-60.27,-31.63,-55,-27.6,-0.6,-0.31,sl 0.92016,IS
8,USDCHF,Buy,13.07.2021 11:30:00,0.91613,0.1,13.07.2021 15:30:40,0.91825,4h 0m,22.59,-9.04,-0.5,22.59,-9.04,21.2,-6.4,0.23,-0.09,tp 0.91825,IS
10,USDCHF,Buy,14.07.2021 04:10:00,0.91861,0.1,14.07.2021 23:45:00,0.91427,19h 35m,-47.97,-57.01,-0.5,-47.97,-57.01,-43.4,-49.8,-0.48,-0.57,Strategy_6_47_153,IS
12,USDCHF,Buy,19.07.2021 04:45:00,0.91993,0.1,19.07.2021 12:14:40,0.92213,7h 29m,23.36,-33.65,-0.5,23.36,-33.65,22,-27.8,0.23,-0.33,tp 0.92213,IS
14,USDCHF,Buy,21.07.2021 04:45:00,0.92145,0.1,21.07.2021 23:45:00,0.91749,19h 0m,-43.66,-77.31,-0.5,-43.66,-77.31,-39.6,-67.4,-0.44,-0.77,Strategy_6_47_153,IS
16,USDCHF,Buy,23.07.2021 08:00:00,0.92047,0.1,23.07.2021 14:31:40,0.92201,6h 31m,16.2,-61.11,-0.5,16.2,-61.11,15.4,-52,0.16,-0.61,tp 0.92201,IS
18,USDCHF,Buy,06.08.2021 02:00:00,0.90722,0.1,06.08.2021 15:30:40,0.90915,13h 30m,20.73,-40.38,-0.5,20.73,-40.38,19.3,-32.7,0.21,-0.4,tp 0.90915,IS
20,USDCHF,Buy,09.08.2021 17:15:00,0.91884,0.1,09.08.2021 23:45:00,0.92058,6h 30m,18.4,-21.98,-0.5,18.4,-21.98,17.4,-15.3,0.18,-0.21,Strategy_6_47_153,IS
22,USDCHF,Buy,10.08.2021 16:00:00,0.92364,0.1,10.08.2021 23:45:00,0.92301,7h 45m,-7.33,-29.31,-0.5,-7.33,-29.31,-6.3,-21.6,-0.07,-0.29,Strategy_6_47_153,IS
24,USDCHF,Buy,11.08.2021 04:00:00,0.92369,0.1,11.08.2021 23:45:00,0.92174,19h 45m,-21.66,-50.97,-0.5,-21.66,-50.97,-19.5,-41.1,-0.22,-0.51,Strategy_6_47_153,IS
26,USDCHF,Buy,18.08.2021 16:00:00,0.91612,0.1,18.08.2021 18:26:40,0.91961,2h 26m,37.45,-13.52,-0.5,37.45,-13.52,34.9,-6.2,0.38,-0.13,tp 0.91961,IS
28,USDCHF,Buy,20.08.2021 02:30:00,0.91939,0.1,20.08.2021 23:45:00,0.91702,21h 15m,-26.34,-39.86,-0.5,-26.34,-39.86,-23.7,-29.9,-0.26,-0.39,Strategy_6_47_153,IS
30,USDCHF,Buy,25.08.2021 16:00:00,0.91556,0.1,25.08.2021 23:45:00,0.91367,7h 45m,-21.19,-61.05,-0.5,-21.19,-61.05,-18.9,-48.8,-0.21,-0.61,Strategy_6_47_153,IS
32,USDCHF,Buy,26.08.2021 05:00:00,0.91415,0.1,26.08.2021 10:00:20,0.91648,5h 0m,24.92,-36.13,-0.5,24.92,-36.13,23.3,-25.5,0.25,-0.35,tp 0.91648,IS
34,USDCHF,Buy,27.08.2021 16:00:00,0.91816,0.1,27.08.2021 18:10:40,0.91266,2h 10m,-60.76,-96.89,-0.5,-60.76,-96.89,-55,-80.5,-0.61,-0.96,sl 0.91266,IS
36,USDCHF,Buy,01.09.2021 03:15:00,0.91617,0.1,01.09.2021 08:21:40,0.91863,5h 6m,26.28,-70.61,-0.5,26.28,-70.61,24.6,-55.9,0.27,-0.7,tp 0.91863,IS
38,USDCHF,Buy,14.09.2021 04:00:00,0.9226,0.1,14.09.2021 23:45:00,0.91994,19h 45m,-29.41,-100.02,-0.5,-29.41,-100.02,-26.6,-82.5,-0.3,-1,Strategy_6_47_153,IS
40,USDCHF,Buy,17.09.2021 16:00:00,0.92879,0.1,17.09.2021 19:52:40,0.93203,3h 52m,34.26,-65.76,-0.5,34.26,-65.76,32.4,-50.1,0.35,-0.65,tp 0.93203,IS
42,USDCHF,Buy,23.09.2021 04:00:00,0.92687,0.1,23.09.2021 23:45:00,0.92453,19h 45m,-25.81,-91.57,-0.5,-25.81,-91.57,-23.4,-73.5,-0.26,-0.91,Strategy_6_47_153,IS
44,USDCHF,Buy,27.09.2021 04:00:00,0.92562,0.1,27.09.2021 10:53:40,0.928,6h 53m,25.15,-66.42,-0.5,25.15,-66.42,23.8,-49.7,0.25,-0.66,tp 0.92800,IS
46,USDCHF,Buy,28.09.2021 10:00:00,0.92934,0.1,28.09.2021 23:45:00,0.92906,13h 45m,-3.51,-69.93,-0.5,-3.51,-69.93,-2.8,-52.5,-0.04,-0.69,Strategy_6_47_153,IS
48,USDCHF,Buy,29.09.2021 03:45:00,0.9298,0.1,29.09.2021 17:23:40,0.93275,13h 38m,31.13,-38.8,-0.5,31.13,-38.8,29.5,-23,0.31,-0.38,tp 0.93275,IS
50,USDCHF,Buy,30.09.2021 09:45:00,0.93464,0.1,30.09.2021 23:45:00,0.93198,14h 0m,-29.04,-67.84,-0.5,-29.04,-67.84,-26.6,-49.6,-0.29,-0.67,Strategy_6_47_153,IS
52,USDCHF,Buy,15.10.2021 16:00:00,0.9261,0.1,15.10.2021 23:45:00,0.92311,7h 45m,-32.89,-100.73,-0.5,-32.89,-100.73,-29.9,-79.5,-0.33,-1,Strategy_6_47_153,IS
54,USDCHF,Buy,18.10.2021 07:00:00,0.92482,0.1,18.10.2021 23:45:00,0.92363,16h 45m,-13.38,-114.11,-0.5,-13.38,-114.11,-11.9,-91.4,-0.14,-1.14,Strategy_6_47_153,IS
56,USDCHF,Buy,01.11.2021 08:00:00,0.91682,0.1,01.11.2021 17:42:40,0.91132,9h 42m,-60.85,-174.96,-0.5,-60.85,-174.96,-55,-146.4,-0.62,-1.75,sl 0.91132,IS
58,USDCHF,Buy,04.11.2021 10:30:00,0.91354,0.1,04.11.2021 23:45:00,0.91248,13h 15m,-12.12,-187.08,-0.5,-12.12,-187.08,-10.6,-157,-0.12,-1.87,Strategy_6_47_153,IS
60,USDCHF,Buy,05.11.2021 13:00:00,0.91494,0.1,05.11.2021 23:45:00,0.91201,10h 45m,-32.63,-219.71,-0.5,-32.63,-219.71,-29.3,-186.3,-0.33,-2.21,Strategy_6_47_153,IS
62,USDCHF,Buy,08.11.2021 13:30:00,0.9155,0.1,08.11.2021 23:45:00,0.91345,10h 15m,-22.94,-242.65,-0.5,-22.94,-242.65,-20.5,-206.8,-0.23,-2.44,Strategy_6_47_153,IS
64,USDCHF,Buy,09.11.2021 15:45:00,0.91455,0.1,09.11.2021 23:45:00,0.91119,8h 0m,-37.37,-280.02,-0.5,-37.37,-280.02,-33.6,-240.4,-0.38,-2.82,Strategy_6_47_153,IS
66,USDCHF,Buy,10.11.2021 14:45:00,0.91388,0.1,10.11.2021 19:14:20,0.9172,4h 29m,35.7,-244.32,-0.5,35.7,-244.32,33.2,-207.2,0.37,-2.46,tp 0.91720,IS
68,USDCHF,Buy,11.11.2021 10:30:00,0.92012,0.1,11.11.2021 23:45:00,0.92104,13h 15m,9.49,-234.83,-0.5,9.49,-234.83,9.2,-198,0.1,-2.36,Strategy_6_47_153,IS
70,USDCHF,Buy,12.11.2021 04:00:00,0.92271,0.1,12.11.2021 23:45:00,0.92124,19h 45m,-16.46,-251.29,-0.5,-16.46,-251.29,-14.7,-212.7,-0.17,-2.53,Strategy_6_47_153,IS
72,USDCHF,Buy,16.11.2021 08:15:00,0.92487,0.1,16.11.2021 11:25:40,0.92691,3h 10m,21.51,-229.78,-0.5,21.51,-229.78,20.4,-192.3,0.22,-2.31,tp 0.92691,IS
74,USDCHF,Buy,22.11.2021 16:45:00,0.93054,0.1,22.11.2021 23:45:00,0.93306,7h 0m,26.51,-203.27,-0.5,26.51,-203.27,25.2,-167.1,0.27,-2.04,Strategy_6_47_153,IS
76,USDCHF,Buy,24.11.2021 04:00:00,0.93401,0.1,24.11.2021 13:17:20,0.93661,9h 17m,27.26,-176.01,-0.5,27.26,-176.01,26,-141.1,0.28,-1.76,tp 0.93661,IS
78,USDCHF,Buy,02.12.2021 02:15:00,0.92078,0.1,02.12.2021 23:45:00,0.92037,21h 30m,-4.95,-180.96,-0.5,-4.95,-180.96,-4.1,-145.2,-0.05,-1.81,Strategy_6_47_153,IS
80,USDCHF,Buy,03.12.2021 08:00:00,0.92061,0.1,03.12.2021 23:45:00,0.91816,15h 45m,-27.18,-208.14,-0.5,-27.18,-208.14,-24.5,-169.7,-0.28,-2.08,Strategy_6_47_153,IS
82,USDCHF,Buy,06.12.2021 06:15:00,0.92043,0.1,06.12.2021 15:27:40,0.92301,9h 12m,27.45,-180.69,-0.5,27.45,-180.69,25.8,-143.9,0.28,-1.8,tp 0.92301,IS
84,USDCHF,Buy,07.12.2021 14:30:00,0.92543,0.1,07.12.2021 23:45:00,0.92462,9h 15m,-9.26,-189.95,-0.5,-9.26,-189.95,-8.1,-152,-0.09,-1.9,Strategy_6_47_153,IS
86,USDCHF,Buy,09.12.2021 17:15:00,0.92528,0.1,09.12.2021 23:45:00,0.92407,6h 30m,-13.59,-203.54,-0.5,-13.59,-203.54,-12.1,-164.1,-0.14,-2.04,Strategy_6_47_153,IS
88,USDCHF,Buy,10.12.2021 08:00:00,0.92418,0.1,10.12.2021 23:45:00,0.92068,15h 45m,-38.52,-242.06,-0.5,-38.52,-242.06,-35,-199.1,-0.39,-2.43,Strategy_6_47_153,IS
90,USDCHF,Buy,14.12.2021 03:00:00,0.92307,0.1,14.12.2021 23:45:00,0.92421,20h 45m,11.83,-230.23,-0.5,11.83,-230.23,11.4,-187.7,0.12,-2.31,Strategy_6_47_153,IS
92,USDCHF,Buy,30.12.2021 11:15:00,0.91792,0.1,30.12.2021 23:45:00,0.91393,12h 30m,-44.16,-274.39,-0.5,-44.16,-274.39,-39.9,-227.6,-0.45,-2.76,Strategy_6_47_153,IS
94,USDCHF,Buy,03.01.2022 05:15:00,0.91426,0.1,03.01.2022 16:33:20,0.91727,11h 18m,32.31,-242.08,-0.5,32.31,-242.08,30.1,-197.5,0.33,-2.43,tp 0.91727,IS
96,USDCHF,Buy,04.01.2022 14:15:00,0.91827,0.1,04.01.2022 23:45:00,0.91652,9h 30m,-19.59,-261.67,-0.5,-19.59,-261.67,-17.5,-215,-0.2,-2.63,Strategy_6_47_153,IS
98,USDCHF,Buy,10.01.2022 14:15:00,0.92201,0.1,10.01.2022 16:03:20,0.92564,1h 48m,38.72,-222.95,-0.5,38.72,-222.95,36.3,-178.7,0.4,-2.23,tp 0.92564,IS
100,USDCHF,Buy,11.01.2022 16:00:00,0.92721,0.1,11.01.2022 23:45:00,0.92353,7h 45m,-40.35,-263.3,-0.5,-40.35,-263.3,-36.8,-215.5,-0.41,-2.65,Strategy_6_47_153,IS
102,USDCHF,Buy,17.01.2022 16:00:00,0.91408,0.1,17.01.2022 23:45:00,0.9143,7h 45m,1.91,-261.39,-0.5,1.91,-261.39,2.2,-213.3,0.02,-2.63,Strategy_6_47_153,IS
104,USDCHF,Buy,18.01.2022 06:30:00,0.91581,0.1,18.01.2022 23:45:00,0.91718,17h 15m,14.44,-246.95,-0.5,14.44,-246.95,13.7,-199.6,0.15,-2.48,Strategy_6_47_153,IS
106,USDCHF,Buy,19.01.2022 17:00:00,0.91607,0.1,19.01.2022 23:45:00,0.91566,6h 45m,-4.98,-251.93,-0.5,-4.98,-251.93,-4.1,-203.7,-0.05,-2.53,Strategy_6_47_153,IS
108,USDCHF,Buy,25.01.2022 04:00:00,0.91505,0.1,25.01.2022 10:35:40,0.91765,6h 35m,27.83,-224.1,-0.5,27.83,-224.1,26,-177.7,0.29,-2.24,tp 0.91765,IS
110,USDCHF,Buy,26.01.2022 10:45:00,0.92003,0.1,26.01.2022 21:40:40,0.92243,10h 55m,25.52,-198.58,-0.5,25.52,-198.58,24,-153.7,0.26,-1.98,tp 0.92243,IS
112,USDCHF,Buy,28.01.2022 12:00:00,0.93108,0.1,28.01.2022 23:45:00,0.9309,11h 45m,-2.43,-201.01,-0.5,-2.43,-201.01,-1.8,-155.5,-0.02,-2.01,Strategy_6_47_153,IS
114,USDCHF,Buy,31.01.2022 09:00:00,0.93146,0.1,31.01.2022 13:12:40,0.93375,4h 12m,24.02,-176.99,-0.5,24.02,-176.99,22.9,-132.6,0.25,-1.76,tp 0.93375,IS
116,USDCHF,Buy,04.02.2022 02:45:00,0.92043,0.1,04.02.2022 15:29:40,0.9238,12h 44m,35.98,-141.01,-0.5,35.98,-141.01,33.7,-98.9,0.37,-1.4,tp 0.92380,IS
118,USDCHF,Buy,07.02.2022 04:45:00,0.92615,0.1,07.02.2022 23:45:30,0.9236,19h 0m,-28.11,-169.12,-0.5,-28.11,-169.12,-25.5,-124.4,-0.29,-1.68,Strategy_6_47_153,IS
120,USDCHF,Buy,08.02.2022 08:00:00,0.9254,0.1,08.02.2022 23:45:00,0.92526,15h 45m,-2.01,-171.13,-0.5,-2.01,-171.13,-1.4,-125.8,-0.02,-1.7,Strategy_6_47_153,IS
122,USDCHF,Buy,09.02.2022 07:45:00,0.92472,0.1,09.02.2022 23:45:00,0.9243,16h 0m,-5.04,-176.17,-0.5,-5.04,-176.17,-4.2,-130,-0.05,-1.75,Strategy_6_47_153,IS
124,USDCHF,Buy,10.02.2022 02:30:00,0.92435,0.1,10.02.2022 15:30:40,0.92634,13h 0m,20.98,-155.19,-0.5,20.98,-155.19,19.9,-110.1,0.21,-1.54,tp 0.92634,IS
126,USDCHF,Buy,11.02.2022 04:00:00,0.92622,0.1,11.02.2022 23:45:00,0.92418,19h 45m,-22.57,-177.76,-0.5,-22.57,-177.76,-20.4,-130.5,-0.23,-1.77,Strategy_6_47_153,IS
128,USDCHF,Buy,16.02.2022 02:30:00,0.92545,0.1,16.02.2022 23:45:00,0.92212,21h 15m,-36.61,-214.37,-0.5,-36.61,-214.37,-33.3,-163.8,-0.37,-2.14,Strategy_6_47_153,IS
130,USDCHF,Buy,18.02.2022 08:00:00,0.92121,0.1,18.02.2022 23:45:00,0.92121,15h 45m,-0.5,-214.87,-0.5,-0.5,-214.87,0,-163.8,-0.01,-2.15,Strategy_6_47_153,IS
132,USDCHF,Buy,24.02.2022 11:45:00,0.92135,0.1,24.02.2022 17:18:40,0.92601,5h 33m,49.82,-165.05,-0.5,49.82,-165.05,46.6,-117.2,0.51,-1.64,tp 0.92601,IS
134,USDCHF,Buy,25.02.2022 12:00:00,0.9262,0.1,25.02.2022 23:45:00,0.92548,11h 45m,-8.28,-173.33,-0.5,-8.28,-173.33,-7.2,-124.4,-0.08,-1.72,Strategy_6_47_153,IS
136,USDCHF,Buy,28.02.2022 02:00:00,0.92676,0.1,28.02.2022 12:54:40,0.92126,10h 54m,-60.2,-233.53,-0.5,-60.2,-233.53,-55,-179.4,-0.61,-2.33,sl 0.92126,IS
138,USDCHF,Buy,02.03.2022 04:00:00,0.91972,0.1,02.03.2022 17:40:40,0.92278,13h 40m,32.66,-200.87,-0.5,32.66,-200.87,30.6,-148.8,0.33,-2,tp 0.92278,IS
140,USDCHF,Buy,07.03.2022 04:00:00,0.92088,0.1,07.03.2022 12:27:20,0.92573,8h 27m,51.89,-148.98,-0.5,51.89,-148.98,48.5,-100.3,0.53,-1.47,tp 0.92573,IS
142,USDCHF,Buy,08.03.2022 08:00:00,0.9259,0.1,08.03.2022 11:42:40,0.92861,3h 42m,28.68,-120.3,-0.5,28.68,-120.3,27.1,-73.2,0.29,-1.18,tp 0.92861,IS
144,USDCHF,Buy,09.03.2022 02:00:00,0.92969,0.1,09.03.2022 23:45:00,0.92683,21h 45m,-31.36,-151.66,-0.5,-31.36,-151.66,-28.6,-101.8,-0.32,-1.5,Strategy_6_47_153,IS
146,USDCHF,Buy,11.03.2022 04:00:00,0.9305,0.1,11.03.2022 18:29:40,0.9336,14h 29m,32.7,-118.96,-0.5,32.7,-118.96,31,-70.8,0.33,-1.16,tp 0.93360,IS
148,USDCHF,Buy,14.03.2022 03:00:00,0.93485,0.1,14.03.2022 21:53:40,0.93771,18h 53m,30,-88.96,-0.5,30,-88.96,28.6,-42.2,0.3,-0.86,tp 0.93771,IS
150,USDCHF,Buy,16.03.2022 11:00:00,0.94104,0.1,16.03.2022 20:50:40,0.94383,9h 50m,29.06,-59.9,-0.5,29.06,-59.9,27.9,-14.3,0.29,-0.57,tp 0.94383,IS
152,USDCHF,Buy,17.03.2022 02:00:00,0.9415,0.1,17.03.2022 18:52:20,0.936,16h 52m,-59.26,-119.16,-0.5,-59.26,-119.16,-55,-69.3,-0.6,-1.16,sl 0.93600,IS
154,USDCHF,Buy,22.03.2022 04:00:00,0.93583,0.1,22.03.2022 23:45:00,0.93297,19h 45m,-31.15,-150.31,-0.5,-31.15,-150.31,-28.6,-97.9,-0.32,-1.48,Strategy_6_47_153,IS
156,USDCHF,Buy,23.03.2022 08:30:00,0.93448,0.1,23.03.2022 23:45:00,0.93042,15h 15m,-44.14,-194.45,-0.5,-44.14,-194.45,-40.6,-138.5,-0.45,-1.93,Strategy_6_47_153,IS
158,USDCHF,Buy,29.03.2022 12:30:00,0.93644,0.1,29.03.2022 16:52:40,0.93094,4h 22m,-59.58,-254.03,-0.5,-59.58,-254.03,-55,-193.5,-0.61,-2.53,sl 0.93094,IS
160,USDCHF,Buy,01.04.2022 04:45:00,0.9241,0.1,01.04.2022 16:53:20,0.92739,12h 8m,34.98,-219.05,-0.5,34.98,-219.05,32.9,-160.6,0.36,-2.17,tp 0.92739,IS
162,USDCHF,Buy,04.04.2022 05:30:00,0.92645,0.1,04.04.2022 23:45:00,0.92622,18h 15m,-2.98,-222.03,-0.5,-2.98,-222.03,-2.3,-162.9,-0.03,-2.21,Strategy_6_47_153,IS
164,USDCHF,Buy,05.04.2022 08:00:00,0.92647,0.1,05.04.2022 17:32:40,0.92859,9h 32m,22.33,-199.7,-0.5,22.33,-199.7,21.2,-141.7,0.23,-1.98,tp 0.92859,IS
166,USDCHF,Buy,06.04.2022 08:15:00,0.9309,0.1,06.04.2022 10:05:40,0.93345,1h 50m,26.82,-172.88,-0.5,26.82,-172.88,25.5,-116.2,0.27,-1.7,tp 0.93345,IS
168,USDCHF,Buy,07.04.2022 12:45:00,0.9331,0.1,07.04.2022 23:45:00,0.93416,11h 0m,10.85,-162.03,-0.5,10.85,-162.03,10.6,-105.6,0.11,-1.59,Strategy_6_47_153,IS
170,USDCHF,Buy,11.04.2022 06:15:00,0.93592,0.1,11.04.2022 19:36:40,0.93042,13h 21m,-59.61,-221.64,-0.5,-59.61,-221.64,-55,-160.6,-0.61,-2.2,sl 0.93042,IS
172,USDCHF,Buy,13.04.2022 02:45:00,0.93277,0.1,13.04.2022 15:59:40,0.93557,13h 14m,29.43,-192.21,-0.5,29.43,-192.21,28,-132.6,0.3,-1.9,tp 0.93557,IS
174,USDCHF,Buy,14.04.2022 04:15:00,0.93479,0.1,14.04.2022 16:01:40,0.93801,11h 46m,33.83,-158.38,-0.5,33.83,-158.38,32.2,-100.4,0.34,-1.55,tp 0.93801,IS
176,USDCHF,Buy,18.04.2022 02:15:00,0.94253,0.1,18.04.2022 23:45:00,0.94471,21h 30m,22.58,-135.8,-0.5,22.58,-135.8,21.8,-78.6,0.23,-1.32,Strategy_6_47_153,IS
178,USDCHF,Buy,19.04.2022 02:45:00,0.94487,0.1,19.04.2022 13:23:40,0.94762,10h 38m,28.52,-107.28,-0.5,28.52,-107.28,27.5,-51.1,0.29,-1.03,tp 0.94762,IS
180,USDCHF,Buy,21.04.2022 05:45:00,0.95085,0.1,21.04.2022 19:23:40,0.95399,13h 38m,32.41,-74.87,-0.5,32.41,-74.87,31.4,-19.7,0.33,-0.71,tp 0.95399,IS
182,USDCHF,Buy,22.04.2022 10:45:00,0.95454,0.1,22.04.2022 18:11:40,0.95845,7h 26m,40.3,-34.57,-0.5,40.3,-34.57,39.1,19.4,0.41,-0.3,tp 0.95845,IS
184,USDCHF,Buy,25.04.2022 08:15:00,0.95808,0.1,25.04.2022 23:45:00,0.9593,15h 30m,12.22,-22.35,-0.5,12.22,-22.35,12.2,31.6,0.12,-0.18,Strategy_6_47_153,IS
186,USDCHF,Buy,26.04.2022 08:00:00,0.95861,0.1,26.04.2022 21:00:40,0.96208,13h 0m,35.57,13.22,-0.5,35.57,13.22,34.7,66.3,0.36,0.18,tp 0.96208,IS
188,USDCHF,Buy,27.04.2022 08:15:00,0.96284,0.1,27.04.2022 14:51:40,0.96587,6h 36m,30.87,44.09,-0.5,30.87,44.09,30.3,96.6,0.31,0.49,tp 0.96587,IS
190,USDCHF,Buy,29.04.2022 06:15:00,0.97164,0.1,29.04.2022 23:45:00,0.97292,17h 30m,12.66,56.75,-0.5,12.66,56.75,12.8,109.4,0.13,0.61,Strategy_6_47_153,IS
192,USDCHF,Buy,02.05.2022 04:00:00,0.97475,0.1,02.05.2022 23:45:00,0.9776,19h 45m,28.65,85.4,-0.5,28.65,85.4,28.5,137.9,0.28,0.9,Strategy_6_47_153,IS
194,USDCHF,Buy,03.05.2022 12:30:00,0.97859,0.1,03.05.2022 15:11:40,0.97309,2h 41m,-57.02,28.38,-0.5,-57.02,28.38,-55,82.9,-0.57,0.33,sl 0.97309,IS
196,USDCHF,Buy,04.05.2022 02:45:00,0.97918,0.1,04.05.2022 16:38:20,0.98265,13h 53m,34.81,63.19,-0.5,34.81,63.19,34.7,117.6,0.35,0.68,tp 0.98265,IS
198,USDCHF,Buy,05.05.2022 16:00:00,0.98262,0.1,05.05.2022 23:45:00,0.98501,7h 45m,23.76,86.95,-0.5,23.76,86.95,23.9,141.5,0.24,0.92,Strategy_6_47_153,IS
200,USDCHF,Buy,09.05.2022 04:00:00,0.99064,0.1,09.05.2022 17:38:40,0.99571,13h 38m,50.42,137.37,-0.5,50.42,137.37,50.7,192.2,0.5,1.42,tp 0.99571,IS
202,USDCHF,Buy,10.05.2022 02:00:00,0.9937,0.1,10.05.2022 23:45:00,0.9957,21h 45m,19.59,156.96,-0.5,19.59,156.96,20,212.2,0.19,1.61,Strategy_6_47_153,IS
204,USDCHF,Buy,12.05.2022 06:30:00,0.99481,0.1,12.05.2022 16:32:40,0.99908,10h 2m,42.24,199.2,-0.5,42.24,199.2,42.7,254.9,0.42,2.02,tp 0.99908,IS
206,USDCHF,Buy,13.05.2022 16:00:00,1.00143,0.1,13.05.2022 23:45:00,1.00189,7h 45m,4.09,203.29,-0.5,4.09,203.29,4.6,259.5,0.04,2.06,Strategy_6_47_153,IS
208,USDCHF,Buy,16.05.2022 02:30:00,1.00286,0.1,16.05.2022 23:45:00,1.00199,21h 15m,-9.18,194.11,-0.5,-9.18,194.11,-8.7,250.8,-0.09,1.97,Strategy_6_47_153,IS
210,USDCHF,Buy,30.05.2022 16:00:00,0.96016,0.1,30.05.2022 23:45:00,0.95739,7h 45m,-29.43,164.68,-0.5,-29.43,164.68,-27.7,223.1,-0.29,1.69,Strategy_6_47_153,IS
212,USDCHF,Buy,31.05.2022 04:00:00,0.96117,0.1,31.05.2022 23:45:00,0.95943,19h 45m,-18.64,146.04,-0.5,-18.64,146.04,-17.4,205.7,-0.18,1.5,Strategy_6_47_153,IS
214,USDCHF,Buy,01.06.2022 04:00:00,0.96007,0.1,01.06.2022 17:06:40,0.96376,13h 6m,37.79,183.83,-0.5,37.79,183.83,36.9,242.6,0.37,1.87,tp 0.96376,IS
216,USDCHF,Buy,02.06.2022 08:15:00,0.96321,0.1,02.06.2022 09:34:40,0.95771,1h 19m,-57.93,125.9,-0.5,-57.93,125.9,-55,187.6,-0.57,1.31,sl 0.95771,IS
218,USDCHF,Buy,06.06.2022 16:00:00,0.96303,0.1,06.06.2022 17:21:40,0.96612,1h 21m,31.48,157.38,-0.5,31.48,157.38,30.9,218.5,0.31,1.62,tp 0.96612,IS
220,USDCHF,Buy,08.06.2022 04:00:00,0.97417,0.1,08.06.2022 11:31:40,0.9773,7h 31m,31.53,188.91,-0.5,31.53,188.91,31.3,249.8,0.31,1.93,tp 0.97730,IS
222,USDCHF,Buy,09.06.2022 10:15:00,0.97943,0.1,09.06.2022 16:05:40,0.97393,5h 50m,-56.97,131.94,-0.5,-56.97,131.94,-55,194.8,-0.56,1.37,sl 0.97393,IS
224,USDCHF,Buy,13.06.2022 04:00:00,0.98963,0.1,13.06.2022 13:03:40,0.99398,9h 3m,43.26,175.2,-0.5,43.26,175.2,43.5,238.3,0.43,1.8,tp 0.99398,IS
226,USDCHF,Buy,22.06.2022 04:30:00,0.96682,0.1,22.06.2022 16:41:40,0.96132,12h 11m,-57.71,117.49,-0.5,-57.71,117.49,-55,183.3,-0.57,1.23,sl 0.96132,IS
228,USDCHF,Buy,30.06.2022 10:45:00,0.95486,0.1,30.06.2022 13:20:20,0.95984,2h 35m,51.38,168.87,-0.5,51.38,168.87,49.8,233.1,0.51,1.74,tp 0.95984,IS
230,USDCHF,Buy,01.07.2022 12:00:00,0.95812,0.1,01.07.2022 18:03:40,0.96381,6h 3m,58.54,227.41,-0.5,58.54,227.41,56.9,290,0.58,2.31,tp 0.96381,IS
232,USDCHF,Buy,04.07.2022 16:00:00,0.96073,0.1,04.07.2022 23:45:00,0.96116,7h 45m,3.97,231.38,-0.5,3.97,231.38,4.3,294.3,0.04,2.35,Strategy_6_47_153,IS
234,USDCHF,Buy,05.07.2022 12:00:00,0.96439,0.1,05.07.2022 17:49:20,0.96988,5h 49m,56.1,287.48,-0.5,56.1,287.48,54.9,349.2,0.55,2.9,tp 0.96988,IS
236,USDCHF,Buy,06.07.2022 12:15:00,0.96927,0.1,06.07.2022 17:17:40,0.97417,5h 2m,49.8,337.28,-0.5,49.8,337.28,49,398.2,0.48,3.38,tp 0.97417,IS
238,USDCHF,Buy,07.07.2022 12:15:00,0.97196,0.1,08.07.2022 00:09:30,0.97307,11h 54m,10.97,348.25,-0.44,10.97,348.25,11.1,409.3,0.11,3.49,Strategy_6_47_153,IS
240,USDCHF,Buy,08.07.2022 12:00:00,0.97711,0.1,08.07.2022 23:45:00,0.97691,11h 45m,-2.55,345.7,-0.5,-2.55,345.7,-2,407.3,-0.02,3.46,Strategy_6_47_153,IS
242,USDCHF,Buy,11.07.2022 09:45:00,0.97967,0.1,11.07.2022 16:20:40,0.98349,6h 35m,38.34,384.04,-0.5,38.34,384.04,38.2,445.5,0.37,3.83,tp 0.98349,IS
244,USDCHF,Buy,12.07.2022 05:00:00,0.98293,0.1,12.07.2022 23:45:00,0.98173,18h 45m,-12.72,371.32,-0.5,-12.72,371.32,-12,433.5,-0.12,3.71,Strategy_6_47_153,IS
246,USDCHF,Buy,14.07.2022 05:00:00,0.98209,0.1,14.07.2022 16:25:40,0.98727,11h 25m,51.97,423.29,-0.5,51.97,423.29,51.8,485.3,0.5,4.21,tp 0.98727,IS
248,USDCHF,Buy,19.07.2022 04:00:00,0.9783,0.1,19.07.2022 10:14:20,0.9728,6h 14m,-57.04,366.25,-0.5,-57.04,366.25,-55,430.3,-0.55,3.67,sl 0.97280,IS
250,USDCHF,Buy,21.07.2022 10:00:00,0.97224,0.1,21.07.2022 23:21:40,0.96674,13h 21m,-57.39,308.86,-0.5,-57.39,308.86,-55,375.3,-0.55,3.11,sl 0.96674,IS
252,USDCHF,Buy,26.07.2022 09:15:00,0.96467,0.1,26.07.2022 23:45:00,0.96297,14h 30m,-18.15,290.71,-0.5,-18.15,290.71,-17,358.3,-0.18,2.94,Strategy_6_47_153,IS
254,USDCHF,Buy,03.08.2022 16:30:00,0.96099,0.1,03.08.2022 23:45:00,0.96021,7h 15m,-8.62,282.09,-0.5,-8.62,282.09,-7.8,350.5,-0.08,2.85,Strategy_6_47_153,IS
256,USDCHF,Buy,04.08.2022 02:45:00,0.96137,0.1,04.08.2022 19:14:40,0.95587,16h 29m,-58.04,224.05,-0.5,-58.04,224.05,-55,295.5,-0.56,2.29,sl 0.95587,IS
258,USDCHF,Buy,08.08.2022 04:00:00,0.96274,0.1,08.08.2022 10:50:40,0.95724,6h 50m,-57.96,166.09,-0.5,-57.96,166.09,-55,240.5,-0.57,1.72,sl 0.95724,IS
260,USDCHF,Buy,12.08.2022 04:00:00,0.9418,0.1,12.08.2022 23:45:00,0.9415,19h 45m,-3.69,162.4,-0.5,-3.69,162.4,-3,237.5,-0.04,1.69,Strategy_6_47_153,IS
262,USDCHF,Buy,15.08.2022 02:15:00,0.94179,0.1,15.08.2022 11:46:40,0.94502,9h 31m,33.68,196.08,-0.5,33.68,196.08,32.3,269.8,0.33,2.02,tp 0.94502,IS
264,USDCHF,Buy,17.08.2022 03:00:00,0.94976,0.1,17.08.2022 14:17:40,0.95262,11h 17m,29.52,225.6,-0.5,29.52,225.6,28.6,298.4,0.29,2.31,tp 0.95262,IS
266,USDCHF,Buy,18.08.2022 08:00:00,0.95204,0.1,18.08.2022 19:14:40,0.95493,11h 14m,29.76,255.36,-0.5,29.76,255.36,28.9,327.3,0.29,2.6,tp 0.95493,IS
268,USDCHF,Buy,19.08.2022 08:00:00,0.95895,0.1,19.08.2022 23:45:00,0.95867,15h 45m,-3.42,251.94,-0.5,-3.42,251.94,-2.8,324.5,-0.03,2.56,Strategy_6_47_153,IS
270,USDCHF,Buy,22.08.2022 03:15:00,0.95893,0.1,22.08.2022 17:25:40,0.96197,14h 10m,31.1,283.04,-0.5,31.1,283.04,30.4,354.9,0.3,2.87,tp 0.96197,IS
272,USDCHF,Buy,23.08.2022 08:45:00,0.96459,0.1,23.08.2022 13:18:20,0.96762,4h 33m,30.81,313.85,-0.5,30.81,313.85,30.3,385.2,0.3,3.17,tp 0.96762,IS
274,USDCHF,Buy,24.08.2022 05:30:00,0.96541,0.1,24.08.2022 23:45:00,0.96662,18h 15m,12.02,325.87,-0.5,12.02,325.87,12.1,397.3,0.12,3.28,Strategy_6_47_153,IS
276,USDCHF,Buy,29.08.2022 02:15:00,0.96802,0.1,29.08.2022 23:45:00,0.96813,21h 30m,0.64,326.51,-0.5,0.64,326.51,1.1,398.4,0.01,3.29,Strategy_6_47_153,IS
278,USDCHF,Buy,30.08.2022 11:30:00,0.96902,0.1,30.08.2022 17:18:20,0.97407,5h 48m,51.34,377.85,-0.5,51.34,377.85,50.5,448.9,0.5,3.79,tp 0.97407,IS
280,USDCHF,Buy,31.08.2022 12:00:00,0.97705,0.1,31.08.2022 23:45:00,0.9782,11h 45m,11.26,389.11,-0.5,11.26,389.11,11.5,460.4,0.11,3.9,Strategy_6_47_153,IS
282,USDCHF,Buy,01.09.2022 02:00:00,0.97798,0.1,01.09.2022 17:04:20,0.98325,15h 4m,53.1,442.21,-0.5,53.1,442.21,52.7,513.1,0.51,4.41,tp 0.98325,IS
284,USDCHF,Buy,02.09.2022 14:00:00,0.98231,0.1,02.09.2022 23:45:00,0.98122,9h 45m,-11.61,430.6,-0.5,-11.61,430.6,-10.9,502.2,-0.11,4.3,Strategy_6_47_153,IS
286,USDCHF,Buy,05.09.2022 04:00:00,0.98232,0.1,05.09.2022 23:45:00,0.97993,19h 45m,-24.89,405.71,-0.5,-24.89,405.71,-23.9,478.3,-0.24,4.06,Strategy_6_47_153,IS
288,USDCHF,Buy,13.09.2022 17:15:00,0.9607,0.1,13.09.2022 23:45:00,0.9612,6h 30m,4.7,410.41,-0.5,4.7,410.41,5,483.3,0.05,4.1,Strategy_6_47_153,IS
290,USDCHF,Buy,14.09.2022 15:15:00,0.96199,0.1,14.09.2022 23:45:00,0.96238,8h 30m,3.55,413.96,-0.5,3.55,413.96,3.9,487.2,0.03,4.14,Strategy_6_47_153,IS
292,USDCHF,Buy,15.09.2022 03:45:00,0.96267,0.1,15.09.2022 12:41:40,0.95717,8h 56m,-57.96,356,-0.5,-57.96,356,-55,432.2,-0.56,3.58,sl 0.95717,IS
294,USDCHF,Buy,16.09.2022 02:30:00,0.96194,0.1,16.09.2022 23:45:00,0.96462,21h 15m,27.28,383.28,-0.5,27.28,383.28,26.8,459,0.26,3.84,Strategy_6_47_153,IS
296,USDCHF,Buy,19.09.2022 08:00:00,0.96626,0.1,19.09.2022 23:45:30,0.96449,15h 45m,-18.85,364.43,-0.5,-18.85,364.43,-17.7,441.3,-0.18,3.66,Strategy_6_47_153,IS
298,USDCHF,Buy,21.09.2022 11:30:00,0.96718,0.1,21.09.2022 23:45:00,0.96693,12h 15m,-3.09,361.34,-0.5,-3.09,361.34,-2.5,438.8,-0.03,3.63,Strategy_6_47_153,IS
300,USDCHF,Buy,22.09.2022 11:15:00,0.97908,0.1,22.09.2022 11:52:40,0.97358,37m 40s,-56.99,304.35,-0.5,-56.99,304.35,-55,383.8,-0.55,3.08,sl 0.97358,IS
302,USDCHF,Buy,23.09.2022 08:00:00,0.97833,0.1,23.09.2022 12:49:40,0.98265,4h 49m,43.46,347.81,-0.5,43.46,347.81,43.2,427,0.42,3.5,tp 0.98265,IS
304,USDCHF,Buy,26.09.2022 03:15:00,0.98297,0.1,26.09.2022 13:07:40,0.98984,9h 52m,68.91,416.72,-0.5,68.91,416.72,68.7,495.7,0.67,4.17,tp 0.98984,IS
306,USDCHF,Buy,27.09.2022 13:00:00,0.98982,0.1,27.09.2022 23:45:00,0.99187,10h 45m,20.17,436.89,-0.5,20.17,436.89,20.5,516.2,0.19,4.36,Strategy_6_47_153,IS
308,USDCHF,Buy,28.09.2022 04:00:00,0.99354,0.1,28.09.2022 13:40:40,0.98804,9h 40m,-56.17,380.72,-0.5,-56.17,380.72,-55,461.2,-0.54,3.82,sl 0.98804,IS
310,USDCHF,Buy,06.10.2022 15:00:00,0.98392,0.1,06.10.2022 17:18:40,0.98949,2h 18m,55.79,436.51,-0.5,55.79,436.51,55.7,516.9,0.54,4.36,tp 0.98949,IS
312,USDCHF,Buy,07.10.2022 16:15:00,0.99313,0.1,07.10.2022 23:45:00,0.99429,7h 30m,11.17,447.68,-0.5,11.17,447.68,11.6,528.5,0.11,4.47,Strategy_6_47_153,IS
314,USDCHF,Buy,13.10.2022 03:00:00,0.99768,0.1,13.10.2022 15:30:40,1.00238,12h 30m,46.39,494.07,-0.5,46.39,494.07,47,575.5,0.44,4.91,tp 1.00238,IS
316,USDCHF,Buy,14.10.2022 04:00:00,1.00144,0.1,14.10.2022 23:45:00,1.00513,19h 45m,36.21,530.28,-0.5,36.21,530.28,36.9,612.4,0.35,5.26,Strategy_6_47_153,IS
318,USDCHF,Buy,17.10.2022 08:00:00,1.00388,0.1,17.10.2022 15:43:40,0.99838,7h 43m,-55.59,474.69,-0.5,-55.59,474.69,-55,557.4,-0.53,4.73,sl 0.99838,IS
320,USDCHF,Buy,19.10.2022 09:15:00,0.99611,0.1,19.10.2022 11:09:40,0.99932,1h 54m,31.62,506.31,-0.5,31.62,506.31,32.1,589.5,0.3,5.03,tp 0.99932,IS
322,USDCHF,Buy,20.10.2022 16:45:00,1.00446,0.1,20.10.2022 23:45:00,1.00312,7h 0m,-13.86,492.45,-0.5,-13.86,492.45,-13.4,576.1,-0.13,4.9,Strategy_6_47_153,IS
324,USDCHF,Buy,21.10.2022 04:30:00,1.00525,0.1,21.10.2022 11:48:40,1.00964,7h 18m,42.98,535.43,-0.5,42.98,535.43,43.9,620,0.41,5.31,tp 1.00964,IS
326,USDCHF,Buy,25.10.2022 08:45:00,1.00082,0.1,25.10.2022 16:47:40,0.99532,8h 2m,-55.76,479.67,-0.5,-55.76,479.67,-55,565,-0.53,4.78,sl 0.99532,IS
328,USDCHF,Buy,28.10.2022 16:00:00,0.99654,0.1,28.10.2022 23:45:00,0.99591,7h 45m,-6.83,472.84,-0.5,-6.83,472.84,-6.3,558.7,-0.07,4.72,Strategy_6_47_153,IS
330,USDCHF,Buy,31.10.2022 09:30:00,0.99745,0.1,31.10.2022 11:19:40,1.00121,1h 49m,37.05,509.89,-0.5,37.05,509.89,37.6,596.3,0.35,5.07,tp 1.00121,IS
332,USDCHF,Buy,03.11.2022 03:00:00,1.00338,0.1,03.11.2022 11:43:40,1.01133,8h 43m,78.11,588,-0.5,78.11,588,79.5,675.8,0.74,5.81,tp 1.01133,IS
334,USDCHF,Buy,04.11.2022 12:00:00,1.01073,0.1,04.11.2022 15:36:40,1.00523,3h 36m,-55.21,532.79,-0.5,-55.21,532.79,-55,620.8,-0.52,5.29,sl 1.00523,IS
336,USDCHF,Buy,10.11.2022 11:45:00,0.98662,0.1,10.11.2022 15:30:40,0.98112,3h 45m,-56.56,476.23,-0.5,-56.56,476.23,-55,565.8,-0.54,4.75,sl 0.98112,IS
338,USDCHF,Buy,18.11.2022 14:00:00,0.95271,0.1,18.11.2022 23:45:00,0.95468,9h 45m,20.14,496.37,-0.5,20.14,496.37,19.7,585.5,0.19,4.95,Strategy_6_47_153,IS
340,USDCHF,Buy,21.11.2022 04:00:00,0.95433,0.1,21.11.2022 11:50:40,0.95874,7h 50m,45.5,541.87,-0.5,45.5,541.87,44.1,629.6,0.43,5.38,tp 0.95874,IS
342,USDCHF,Buy,28.11.2022 06:00:00,0.94728,0.1,28.11.2022 10:53:40,0.94178,4h 53m,-58.9,482.97,-0.5,-58.9,482.97,-55,574.6,-0.56,4.82,sl 0.94178,IS
344,USDCHF,Buy,29.11.2022 16:00:00,0.9527,0.1,29.11.2022 23:45:00,0.95425,7h 45m,15.74,498.71,-0.5,15.74,498.71,15.5,590.1,0.15,4.97,Strategy_6_47_153,IS
346,USDCHF,Buy,30.11.2022 02:30:00,0.95401,0.1,30.11.2022 12:07:40,0.94851,9h 37m,-58.49,440.22,-0.5,-58.49,440.22,-55,535.1,-0.56,4.41,sl 0.94851,IS
348,USDCHF,Sell,01.12.2022 02:00:00,0.94381,0.1,01.12.2022 09:58:40,0.94481,7h 58m,-11.08,429.14,-0.5,-11.08,429.14,-10,525.1,-0.11,4.31,sl 0.94481,IS
350,USDCHF,Buy,07.12.2022 02:30:00,0.94225,0.1,07.12.2022 15:55:40,0.93675,13h 25m,-59.21,369.93,-0.5,-59.21,369.93,-55,470.1,-0.57,3.74,sl 0.93675,IS
352,USDCHF,Buy,08.12.2022 03:45:00,0.94217,0.1,08.12.2022 17:06:40,0.93667,13h 21m,-59.22,310.71,-0.5,-59.22,310.71,-55,415.1,-0.57,3.17,sl 0.93667,IS
354,USDCHF,Buy,13.12.2022 06:15:00,0.93657,0.1,13.12.2022 15:30:40,0.93107,9h 15m,-59.57,251.14,-0.5,-59.57,251.14,-55,360.1,-0.58,2.59,sl 0.93107,IS
356,USDCHF,Buy,16.12.2022 08:00:00,0.9271,0.1,16.12.2022 12:50:20,0.93057,4h 50m,36.79,287.93,-0.5,36.79,287.93,34.7,394.8,0.36,2.95,tp 0.93057,IS
358,USDCHF,Buy,19.12.2022 13:00:00,0.93107,0.1,19.12.2022 23:45:00,0.92918,10h 45m,-20.84,267.09,-0.5,-20.84,267.09,-18.9,375.9,-0.2,2.75,Strategy_6_47_153,IS
360,USDCHF,Buy,21.12.2022 07:30:00,0.92862,0.1,21.12.2022 23:45:00,0.92691,16h 15m,-18.95,248.14,-0.5,-18.95,248.14,-17.1,358.8,-0.18,2.56,Strategy_6_47_153,IS
362,USDCHF,Buy,22.12.2022 16:30:00,0.92977,0.1,22.12.2022 23:45:00,0.93124,7h 15m,15.29,263.43,-0.5,15.29,263.43,14.7,373.5,0.15,2.71,Strategy_6_47_153,IS
364,USDCHF,Buy,02.01.2023 04:00:30,0.92462,0.1,02.01.2023 23:46:00,0.92436,19h 45m,-3.31,260.12,-0.5,-3.31,260.12,-2.6,370.9,-0.03,2.68,Strategy_6_47_153,IS
366,USDCHF,Buy,03.01.2023 09:30:00,0.92474,0.1,03.01.2023 10:04:40,0.92845,34m 40s,39.46,299.58,-0.5,39.46,299.58,37.1,408,0.38,3.06,tp 0.92845,IS
368,USDCHF,Buy,10.01.2023 15:30:00,0.92448,0.1,10.01.2023 23:45:00,0.9227,8h 15m,-19.79,279.79,-0.5,-19.79,279.79,-17.8,390.2,-0.19,2.87,Strategy_6_47_153,IS
370,USDCHF,Buy,11.01.2023 04:00:00,0.92317,0.1,11.01.2023 14:13:40,0.92719,10h 13m,42.86,322.65,-0.5,42.86,322.65,40.2,430.4,0.42,3.29,tp 0.92719,IS
372,USDCHF,Buy,20.01.2023 02:00:00,0.91586,0.1,20.01.2023 11:26:40,0.91982,9h 26m,42.55,365.2,-0.5,42.55,365.2,39.6,470,0.41,3.7,tp 0.91982,IS
374,USDCHF,Buy,23.01.2023 15:00:00,0.92083,0.1,23.01.2023 23:45:00,0.92199,8h 45m,12.08,377.28,-0.5,12.08,377.28,11.6,481.6,0.12,3.82,Strategy_6_47_153,IS
376,USDCHF,Buy,24.01.2023 12:30:00,0.92306,0.1,24.01.2023 23:45:00,0.92255,11h 15m,-6.03,371.25,-0.5,-6.03,371.25,-5.1,476.5,-0.06,3.76,Strategy_6_47_153,IS
378,USDCHF,Buy,27.01.2023 08:00:00,0.9218,0.1,27.01.2023 23:45:00,0.92093,15h 45m,-9.95,361.3,-0.5,-9.95,361.3,-8.7,467.8,-0.1,3.66,Strategy_6_47_153,IS
380,USDCHF,Buy,30.01.2023 10:30:00,0.9219,0.1,30.01.2023 23:45:00,0.92486,13h 15m,31.5,392.8,-0.5,31.5,392.8,29.6,497.4,0.3,3.97,Strategy_6_47_153,IS
382,USDCHF,Buy,31.01.2023 12:00:00,0.92674,0.1,31.01.2023 17:41:40,0.92124,5h 41m,-60.2,332.6,-0.5,-60.2,332.6,-55,442.4,-0.58,3.39,sl 0.92124,IS
384,USDCHF,Buy,06.02.2023 17:00:00,0.92749,0.1,06.02.2023 23:45:00,0.92833,6h 45m,8.55,341.15,-0.5,8.55,341.15,8.4,450.8,0.08,3.47,Strategy_6_47_153,IS
386,USDCHF,Buy,16.02.2023 17:45:00,0.9255,0.1,16.02.2023 23:45:00,0.92582,6h 0m,2.96,344.11,-0.5,2.96,344.11,3.2,454,0.03,3.5,Strategy_6_47_153,IS
388,USDCHF,Buy,22.02.2023 12:00:00,0.92757,0.1,22.02.2023 21:45:40,0.9314,9h 45m,40.62,384.73,-0.5,40.62,384.73,38.3,492.3,0.39,3.89,tp 0.93140,IS
390,USDCHF,Buy,23.02.2023 09:45:00,0.93136,0.1,23.02.2023 15:42:40,0.93423,5h 57m,30.22,414.95,-0.5,30.22,414.95,28.7,521,0.29,4.18,tp 0.93423,IS
392,USDCHF,Buy,27.02.2023 06:00:00,0.94161,0.1,27.02.2023 17:14:40,0.93611,11h 14m,-59.25,355.7,-0.5,-59.25,355.7,-55,466,-0.57,3.61,sl 0.93611,IS
394,USDCHF,Buy,01.03.2023 03:15:00,0.94208,0.1,01.03.2023 12:59:40,0.93658,9h 44m,-59.22,296.48,-0.5,-59.22,296.48,-55,411,-0.57,3.04,sl 0.93658,IS
396,USDCHF,Buy,02.03.2023 03:30:00,0.94066,0.1,02.03.2023 09:17:40,0.94395,5h 47m,34.35,330.83,-0.5,34.35,330.83,32.9,443.9,0.33,3.38,tp 0.94395,IS
398,USDCHF,Sell,10.03.2023 02:30:00,0.93191,0.1,10.03.2023 23:45:00,0.92165,21h 15m,110.82,441.65,-0.5,110.82,441.65,102.6,546.5,1.07,4.45,Strategy_6_47_153,IS
400,USDCHF,Buy,15.03.2023 02:00:00,0.91395,0.1,15.03.2023 13:30:40,0.91952,11h 30m,60.08,501.73,-0.5,60.08,501.73,55.7,602.2,0.58,5.02,tp 0.91952,IS
402,USDCHF,Buy,16.03.2023 17:15:00,0.92763,0.1,16.03.2023 23:45:00,0.92978,6h 30m,22.62,524.35,-0.5,22.62,524.35,21.5,623.7,0.22,5.24,Strategy_6_47_153,IS
404,USDCHF,Buy,21.03.2023 03:15:00,0.92905,0.1,21.03.2023 14:47:40,0.92355,11h 32m,-60.05,464.3,-0.5,-60.05,464.3,-55,568.7,-0.57,4.67,sl 0.92355,IS
406,USDCHF,Buy,24.03.2023 05:15:00,0.91719,0.1,24.03.2023 13:59:40,0.92108,8h 44m,41.73,506.03,-0.5,41.73,506.03,38.9,607.6,0.4,5.07,tp 0.92108,IS
408,USDCHF,Sell,30.03.2023 02:15:00,0.91837,0.1,30.03.2023 03:32:40,0.91937,1h 17m,-11.38,494.65,-0.5,-11.38,494.65,-10,597.6,-0.11,4.96,sl 0.91937,IS
410,USDCHF,Buy,03.04.2023 02:00:00,0.91643,0.1,03.04.2023 23:45:00,0.91261,21h 45m,-42.36,452.29,-0.5,-42.36,452.29,-38.2,559.4,-0.4,4.56,Strategy_6_47_153,IS
412,USDCHF,Buy,10.04.2023 04:30:00,0.90564,0.1,10.04.2023 15:17:40,0.90896,10h 47m,36.03,488.32,-0.5,36.03,488.32,33.2,592.6,0.34,4.9,tp 0.90896,IS
414,USDCHF,Buy,17.04.2023 16:30:00,0.89699,0.1,17.04.2023 23:45:00,0.89851,7h 15m,16.42,504.74,-0.5,16.42,504.74,15.2,607.8,0.16,5.06,Strategy_6_47_153,IS
416,USDCHF,Buy,18.04.2023 09:15:00,0.89817,0.1,18.04.2023 23:45:00,0.89633,14h 30m,-21.03,483.71,-0.5,-21.03,483.71,-18.4,589.4,-0.2,4.86,Strategy_6_47_153,IS
418,USDCHF,Buy,19.04.2023 11:15:00,0.89864,0.1,19.04.2023 23:45:00,0.89748,12h 30m,-13.43,470.28,-0.5,-13.43,470.28,-11.6,577.8,-0.13,4.73,Strategy_6_47_153,IS
420,USDCHF,Buy,28.04.2023 08:00:00,0.89477,0.1,28.04.2023 11:29:40,0.89749,3h 29m,29.81,500.09,-0.5,29.81,500.09,27.2,605,0.28,5.01,tp 0.89749,IS
422,USDCHF,Buy,01.05.2023 04:00:00,0.89505,0.1,01.05.2023 23:45:00,0.89583,19h 45m,8.21,508.3,-0.5,8.21,508.3,7.8,612.8,0.08,5.09,Strategy_6_47_153,IS
424,USDCHF,Buy,02.05.2023 08:00:00,0.89584,0.1,02.05.2023 11:00:40,0.89808,3h 0m,24.44,532.74,-0.5,24.44,532.74,22.4,635.2,0.23,5.32,tp 0.89808,IS
426,USDCHF,Buy,05.05.2023 11:30:00,0.89075,0.1,05.05.2023 15:30:40,0.89518,4h 0m,48.99,581.73,-0.5,48.99,581.73,44.3,679.5,0.47,5.79,tp 0.89518,IS
428,USDCHF,Buy,09.05.2023 04:00:00,0.89055,0.1,09.05.2023 10:45:40,0.89255,6h 45m,21.91,603.64,-0.5,21.91,603.64,20,699.5,0.21,6,tp 0.89255,IS
430,USDCHF,Buy,11.05.2023 08:00:00,0.8905,0.1,11.05.2023 09:57:40,0.89284,1h 57m,25.71,629.35,-0.5,25.71,629.35,23.4,722.9,0.24,6.24,tp 0.89284,IS
432,USDCHF,Buy,12.05.2023 15:45:00,0.89436,0.1,12.05.2023 19:29:40,0.89843,3h 44m,44.8,674.15,-0.5,44.8,674.15,40.7,763.6,0.42,6.66,tp 0.89843,IS
434,USDCHF,Buy,17.05.2023 16:00:00,0.90065,0.1,17.05.2023 23:45:00,0.89848,7h 45m,-24.65,649.5,-0.5,-24.65,649.5,-21.7,741.9,-0.23,6.43,Strategy_6_47_153,IS
436,USDCHF,Buy,18.05.2023 02:00:00,0.89857,0.1,18.05.2023 15:32:40,0.90138,13h 32m,30.67,680.17,-0.5,30.67,680.17,28.1,770,0.29,6.72,tp 0.90138,IS
438,USDCHF,Buy,24.05.2023 12:15:00,0.90254,0.1,24.05.2023 19:11:40,0.9063,6h 56m,40.99,721.16,-0.5,40.99,721.16,37.6,807.6,0.38,7.1,tp 0.90630,IS
440,USDCHF,Buy,25.05.2023 08:00:00,0.90636,0.1,25.05.2023 23:45:00,0.90601,15h 45m,-4.36,716.8,-0.5,-4.36,716.8,-3.5,804.1,-0.04,7.06,Strategy_6_47_153,IS
442,USDCHF,Buy,31.05.2023 08:00:00,0.90826,0.1,31.05.2023 10:31:20,0.91062,2h 31m,25.42,742.22,-0.5,25.42,742.22,23.6,827.7,0.24,7.3,tp 0.91062,IS
444,USDCHF,Buy,01.06.2023 08:00:00,0.91097,0.1,01.06.2023 21:13:20,0.90547,13h 13m,-61.24,680.98,-0.5,-61.24,680.98,-55,772.7,-0.57,6.73,sl 0.90547,IS
446,USDCHF,Buy,21.06.2023 10:15:00,0.89904,0.1,21.06.2023 19:48:40,0.89354,9h 33m,-62.05,618.93,-0.5,-62.05,618.93,-55,717.7,-0.58,6.15,sl 0.89354,IS
448,USDCHF,Buy,23.06.2023 08:00:00,0.8972,0.1,23.06.2023 10:16:40,0.89995,2h 16m,30.06,648.99,-0.5,30.06,648.99,27.5,745.2,0.28,6.43,tp 0.89995,IS
450,USDCHF,Buy,28.06.2023 12:00:00,0.89481,0.1,28.06.2023 15:05:40,0.89766,3h 5m,31.25,680.24,-0.5,31.25,680.24,28.5,773.7,0.29,6.72,tp 0.89766,IS
452,USDCHF,Buy,29.06.2023 04:00:00,0.89719,0.1,29.06.2023 16:44:40,0.89979,12h 44m,28.4,708.64,-0.5,28.4,708.64,26,799.7,0.27,6.99,tp 0.89979,IS
454,USDCHF,Buy,30.06.2023 12:00:00,0.90122,0.1,30.06.2023 17:01:40,0.89572,5h 1m,-61.9,646.74,-0.5,-61.9,646.74,-55,744.7,-0.58,6.41,sl 0.89572,IS
456,USDCHF,Buy,03.07.2023 12:45:00,0.9,0.1,03.07.2023 23:45:00,0.89628,11h 0m,-42,604.74,-0.5,-42,604.74,-37.2,707.5,-0.39,6.02,Strategy_6_47_153,IS
458,USDCHF,Sell,07.07.2023 02:00:00,0.89527,0.1,07.07.2023 03:38:40,0.89627,1h 38m,-11.66,593.08,-0.5,-11.66,593.08,-10,697.5,-0.11,5.91,sl 0.89627,IS
460,USDCHF,Buy,17.07.2023 17:30:00,0.86077,0.1,17.07.2023 23:45:00,0.86031,6h 15m,-5.85,587.23,-0.5,-5.85,587.23,-4.6,692.9,-0.06,5.85,Strategy_6_47_153,IS
462,USDCHF,Buy,19.07.2023 17:45:00,0.8605,0.1,19.07.2023 23:45:00,0.85848,6h 0m,-24.03,563.2,-0.5,-24.03,563.2,-20.2,672.7,-0.23,5.62,Strategy_6_47_153,IS
464,USDCHF,Buy,20.07.2023 15:45:00,0.86264,0.1,20.07.2023 18:49:40,0.86705,3h 4m,50.36,613.56,-0.5,50.36,613.56,44.1,716.8,0.48,6.1,tp 0.86705,IS
466,USDCHF,Buy,21.07.2023 13:15:00,0.86629,0.1,21.07.2023 23:45:00,0.86582,10h 30m,-5.93,607.63,-0.5,-5.93,607.63,-4.7,712.1,-0.06,6.05,Strategy_6_47_153,IS
468,USDCHF,Buy,24.07.2023 08:00:00,0.86672,0.1,24.07.2023 23:08:40,0.86896,15h 8m,25.28,632.91,-0.5,25.28,632.91,22.4,734.5,0.24,6.28,tp 0.86896,IS
470,USDCHF,Buy,25.07.2023 02:45:00,0.86994,0.1,25.07.2023 18:55:40,0.86444,16h 10m,-64.13,568.78,-0.5,-64.13,568.78,-55,679.5,-0.6,5.68,sl 0.86444,IS
472,USDCHF,Buy,31.07.2023 03:00:00,0.86987,0.1,31.07.2023 23:45:00,0.87187,20h 45m,22.44,591.22,-0.5,22.44,591.22,20,699.5,0.21,5.89,Strategy_6_47_153,IS
474,USDCHF,Buy,01.08.2023 04:30:00,0.87257,0.1,01.08.2023 13:31:40,0.87586,9h 1m,37.06,628.28,-0.5,37.06,628.28,32.9,732.4,0.35,6.24,tp 0.87586,IS
476,USDCHF,Buy,02.08.2023 10:45:00,0.87593,0.1,02.08.2023 17:05:40,0.88046,6h 20m,50.95,679.23,-0.5,50.95,679.23,45.3,777.7,0.48,6.72,tp 0.88046,IS
478,USDCHF,Buy,03.08.2023 04:00:00,0.8775,0.1,03.08.2023 23:45:00,0.87438,19h 45m,-36.18,643.05,-0.5,-36.18,643.05,-31.2,746.5,-0.34,6.38,Strategy_6_47_153,IS
480,USDCHF,Buy,07.08.2023 05:45:00,0.87507,0.1,07.08.2023 23:45:00,0.87292,18h 0m,-25.13,617.92,-0.5,-25.13,617.92,-21.5,725,-0.24,6.15,Strategy_6_47_153,IS
482,USDCHF,Buy,08.08.2023 14:15:00,0.87646,0.1,08.08.2023 23:45:00,0.87565,9h 30m,-9.75,608.17,-0.5,-9.75,608.17,-8.1,716.9,-0.09,6.06,Strategy_6_47_153,IS
484,USDCHF,Buy,09.08.2023 14:30:00,0.87734,0.1,09.08.2023 23:45:00,0.87725,9h 15m,-1.53,606.64,-0.5,-1.53,606.64,-0.9,716,-0.01,6.04,Strategy_6_47_153,IS
486,USDCHF,Buy,14.08.2023 16:00:00,0.88067,0.1,14.08.2023 23:45:00,0.87831,7h 45m,-27.37,579.27,-0.5,-27.37,579.27,-23.6,692.4,-0.26,5.78,Strategy_6_47_153,IS
488,USDCHF,Buy,16.08.2023 16:00:00,0.88129,0.1,16.08.2023 23:45:00,0.87996,7h 45m,-15.61,563.66,-0.5,-15.61,563.66,-13.3,679.1,-0.15,5.64,Strategy_6_47_153,IS
490,USDCHF,Buy,17.08.2023 04:00:00,0.88054,0.1,17.08.2023 23:45:00,0.87842,19h 45m,-24.63,539.03,-0.5,-24.63,539.03,-21.2,657.9,-0.23,5.4,Strategy_6_47_153,IS
492,USDCHF,Buy,18.08.2023 11:15:00,0.87998,0.1,18.08.2023 23:45:00,0.88259,12h 30m,29.07,568.1,-0.5,29.07,568.1,26.1,684,0.28,5.68,Strategy_6_47_153,IS
494,USDCHF,Buy,24.08.2023 14:00:00,0.88005,0.1,24.08.2023 20:44:40,0.88394,6h 44m,43.51,611.61,-0.5,43.51,611.61,38.9,722.9,0.41,6.09,tp 0.88394,IS
496,USDCHF,Buy,31.08.2023 08:45:00,0.87873,0.1,31.08.2023 11:51:40,0.88071,3h 6m,21.98,633.59,-0.5,21.98,633.59,19.8,742.7,0.21,6.3,tp 0.88071,IS
498,USDCHF,Buy,04.09.2023 02:00:00,0.88608,0.1,05.09.2023 00:05:06,0.88401,22h 5m,-23.86,609.73,-0.44,-23.86,609.73,-20.7,722,-0.22,6.07,Strategy_6_47_153,IS
500,USDCHF,Buy,05.09.2023 07:00:00,0.8856,0.1,05.09.2023 15:00:20,0.89029,8h 0m,52.18,661.91,-0.5,52.18,661.91,46.9,768.9,0.49,6.56,tp 0.89029,IS
502,USDCHF,Buy,06.09.2023 02:00:00,0.88987,0.1,07.09.2023 00:05:06,0.89097,22h 5m,12.04,673.95,-0.31,12.04,673.95,11,779.9,0.11,6.68,Strategy_6_47_153,IS
504,USDCHF,Buy,13.09.2023 12:00:00,0.89347,0.1,14.09.2023 00:05:06,0.89333,12h 5m,-1.88,672.07,-0.31,-1.88,672.07,-1.4,778.5,-0.02,6.66,Strategy_6_47_153,IS
506,USDCHF,Buy,14.09.2023 02:00:00,0.8938,0.1,15.09.2023 00:05:06,0.89534,22h 5m,16.76,688.83,-0.44,16.76,688.83,15.4,793.9,0.16,6.82,Strategy_6_47_153,IS
508,USDCHF,Buy,18.09.2023 04:00:00,0.89716,0.1,19.09.2023 00:05:06,0.8969,20h 5m,-3.34,685.49,-0.44,-3.34,685.49,-2.6,791.3,-0.03,6.79,Strategy_6_47_153,IS
510,USDCHF,Buy,21.09.2023 02:00:00,0.89972,0.1,21.09.2023 11:00:40,0.90712,9h 0m,81.08,766.57,-0.5,81.08,766.57,74,865.3,0.76,7.54,tp 0.90712,IS
512,USDCHF,Buy,22.09.2023 16:00:00,0.90586,0.1,25.09.2023 00:05:06,0.90674,2d 8h 5m,9.27,775.84,-0.44,9.27,775.84,8.8,874.1,0.09,7.63,Strategy_6_47_153,IS
514,USDCHF,Buy,25.09.2023 02:00:00,0.90726,0.1,26.09.2023 00:05:06,0.9117,22h 5m,48.26,824.1,-0.44,48.26,824.1,44.4,918.5,0.45,8.08,Strategy_6_47_153,IS
516,USDCHF,Buy,27.09.2023 02:00:00,0.91612,0.1,28.09.2023 00:05:06,0.92035,22h 5m,45.65,869.75,-0.31,45.65,869.75,42.3,960.8,0.42,8.5,Strategy_6_47_153,IS
518,USDCHF,Buy,03.10.2023 04:00:00,0.91896,0.1,04.10.2023 00:05:06,0.92088,20h 5m,20.41,890.16,-0.44,20.41,890.16,19.2,980,0.19,8.69,Strategy_6_47_153,IS
520,USDCHF,Buy,26.10.2023 02:00:00,0.89733,0.1,27.10.2023 00:05:06,0.89884,22h 5m,16.36,906.52,-0.44,16.36,906.52,15.1,995.1,0.15,8.84,Strategy_6_47_153,IS
522,USDCHF,Buy,27.10.2023 02:00:00,0.89955,0.1,30.10.2023 00:05:06,0.9014,2d 22h 5m,20.08,926.6,-0.44,20.08,926.6,18.5,1013.6,0.18,9.02,Strategy_6_47_153,IS
524,USDCHF,Buy,30.10.2023 08:00:00,0.9037,0.1,31.10.2023 00:05:06,0.9018,16h 5m,-21.51,905.09,-0.44,-21.51,905.09,-19,994.6,-0.2,8.83,Strategy_6_47_153,IS
526,USDCHF,Buy,03.11.2023 02:00:00,0.90654,0.1,03.11.2023 15:00:40,0.90104,13h 0m,-61.54,843.55,-0.5,-61.54,843.55,-55,939.6,-0.56,8.26,sl 0.90104,IS
528,USDCHF,Buy,10.11.2023 08:00:00,0.90396,0.1,13.11.2023 00:05:06,0.90207,2d 16h 5m,-21.39,822.16,-0.44,-21.39,822.16,-18.9,920.7,-0.2,8.06,Strategy_6_47_153,IS
530,USDCHF,Buy,22.11.2023 08:45:00,0.8847,0.1,22.11.2023 17:09:40,0.88693,8h 24m,24.64,846.8,-0.5,24.64,846.8,22.3,943,0.23,8.29,tp 0.88693,IS
532,USDCHF,Buy,01.12.2023 13:30:00,0.87477,0.1,01.12.2023 20:15:40,0.86927,6h 45m,-63.77,783.03,-0.5,-63.77,783.03,-55,888,-0.59,7.7,sl 0.86927,IS
534,USDCHF,Buy,05.12.2023 12:00:00,0.87409,0.1,05.12.2023 23:45:30,0.87489,11h 45m,8.64,791.67,-0.5,8.64,791.67,8,896,0.08,7.78,Strategy_6_47_153,IS
536,USDCHF,Buy,11.12.2023 06:00:00,0.87986,0.1,11.12.2023 23:45:00,0.87862,17h 45m,-14.61,777.06,-0.5,-14.61,777.06,-12.4,883.6,-0.14,7.65,Strategy_6_47_153,IS
538,USDCHF,Sell,14.12.2023 03:15:00,0.86974,0.1,14.12.2023 09:23:40,0.87074,6h 8m,-11.98,765.08,-0.5,-11.98,765.08,-10,873.6,-0.11,7.54,sl 0.87074,IS
540,USDCHF,Buy,26.12.2023 03:15:00,0.85631,0.1,26.12.2023 23:45:00,0.85352,20h 30m,-33.19,731.89,-0.5,-33.19,731.89,-27.9,845.7,-0.31,7.23,Strategy_6_47_153,IS
542,USDCHF,Buy,02.01.2024 02:15:00,0.84208,0.1,02.01.2024 12:11:40,0.84751,9h 56m,63.57,795.46,-0.5,63.57,795.46,54.3,900,0.59,7.82,tp 0.84751,IS
544,USDCHF,Buy,03.01.2024 12:00:00,0.85144,0.1,03.01.2024 23:45:00,0.84922,11h 45m,-26.64,768.82,-0.5,-26.64,768.82,-22.2,877.8,-0.25,7.57,Strategy_6_47_153,IS
546,USDCHF,Buy,05.01.2024 12:00:00,0.853,0.1,05.01.2024 15:30:40,0.85694,3h 30m,45.48,814.3,-0.5,45.48,814.3,39.4,917.2,0.42,8,tp 0.85694,IS
548,USDCHF,Buy,08.01.2024 06:00:00,0.85188,0.1,08.01.2024 17:52:40,0.84638,11h 52m,-65.48,748.82,-0.5,-65.48,748.82,-55,862.2,-0.61,7.39,sl 0.84638,IS
550,USDCHF,Buy,09.01.2024 13:30:00,0.85082,0.1,09.01.2024 23:45:00,0.85247,10h 15m,18.86,767.68,-0.5,18.86,767.68,16.5,878.7,0.18,7.57,Strategy_6_47_153,IS
552,USDCHF,Buy,12.01.2024 12:30:00,0.85338,0.1,12.01.2024 23:45:00,0.85244,11h 15m,-11.53,756.15,-0.5,-11.53,756.15,-9.4,869.3,-0.11,7.46,Strategy_6_47_153,IS
554,USDCHF,Buy,15.01.2024 09:30:00,0.85374,0.1,15.01.2024 22:02:40,0.85613,12h 32m,27.42,783.57,-0.5,27.42,783.57,23.9,893.2,0.25,7.71,tp 0.85613,IS
556,USDCHF,Buy,16.01.2024 02:45:00,0.85698,0.1,16.01.2024 09:09:20,0.85947,6h 24m,28.47,812.04,-0.5,28.47,812.04,24.9,918.1,0.26,7.98,tp 0.85947,IS
558,USDCHF,Buy,17.01.2024 13:45:00,0.86314,0.1,17.01.2024 17:52:40,0.86806,4h 7m,56.18,868.22,-0.5,56.18,868.22,49.2,967.3,0.52,8.5,tp 0.86806,IS
560,USDCHF,Buy,18.01.2024 05:30:00,0.86425,0.1,18.01.2024 15:03:40,0.86747,9h 33m,36.62,904.84,-0.5,36.62,904.84,32.2,999.5,0.34,8.84,tp 0.86747,IS
562,USDCHF,Buy,19.01.2024 07:45:00,0.86875,0.1,19.01.2024 23:45:00,0.86844,16h 0m,-4.07,900.77,-0.5,-4.07,900.77,-3.1,996.4,-0.04,8.8,Strategy_6_47_153,IS
564,USDCHF,Buy,23.01.2024 17:00:00,0.87101,0.1,23.01.2024 23:45:00,0.8704,6h 45m,-7.51,893.26,-0.5,-7.51,893.26,-6.1,990.3,-0.07,8.73,Strategy_6_47_153,IS
566,USDCHF,Buy,31.01.2024 09:15:00,0.86361,0.1,31.01.2024 16:42:40,0.85811,7h 27m,-64.59,828.67,-0.5,-64.59,828.67,-55,935.3,-0.59,8.14,sl 0.85811,IS
568,USDCHF,Buy,01.02.2024 02:15:00,0.86271,0.1,01.02.2024 19:11:40,0.85721,16h 56m,-64.66,764.01,-0.5,-64.66,764.01,-55,880.3,-0.6,7.54,sl 0.85721,IS
570,USDCHF,Buy,06.02.2024 12:00:00,0.87276,0.1,06.02.2024 23:45:00,0.86974,11h 45m,-35.22,728.79,-0.5,-35.22,728.79,-30.2,850.1,-0.33,7.21,Strategy_6_47_153,IS
572,USDCHF,Buy,07.02.2024 13:15:00,0.87283,0.1,07.02.2024 23:45:00,0.87443,10h 30m,17.8,746.59,-0.5,17.8,746.59,16,866.1,0.17,7.38,Strategy_6_47_153,IS
574,USDCHF,Buy,08.02.2024 13:30:00,0.87431,0.1,08.02.2024 23:45:00,0.87379,10h 15m,-6.45,740.14,-0.5,-6.45,740.14,-5.2,860.9,-0.06,7.32,Strategy_6_47_153,IS
576,USDCHF,Buy,09.02.2024 12:00:00,0.87579,0.1,09.02.2024 23:45:00,0.87461,11h 45m,-13.99,726.15,-0.5,-13.99,726.15,-11.8,849.1,-0.13,7.19,Strategy_6_47_153,IS
578,USDCHF,Buy,12.02.2024 13:15:00,0.87528,0.1,12.02.2024 23:45:00,0.87574,10h 30m,4.75,730.9,-0.5,4.75,730.9,4.6,853.7,0.04,7.23,Strategy_6_47_153,IS
580,USDCHF,Buy,13.02.2024 04:00:00,0.87615,0.1,13.02.2024 09:30:40,0.87832,5h 30m,24.21,755.11,-0.5,24.21,755.11,21.7,875.4,0.23,7.46,tp 0.87832,IS
582,USDCHF,Buy,20.02.2024 10:15:00,0.88352,0.1,20.02.2024 23:45:00,0.8819,13h 30m,-18.87,736.24,-0.5,-18.87,736.24,-16.2,859.2,-0.18,7.28,Strategy_6_47_153,IS
584,USDCHF,Buy,21.02.2024 02:00:00,0.88192,0.1,21.02.2024 23:45:00,0.87954,21h 45m,-27.56,708.68,-0.5,-27.56,708.68,-23.8,835.4,-0.26,7.03,Strategy_6_47_153,IS
586,USDCHF,Buy,22.02.2024 17:45:00,0.88099,0.1,22.02.2024 23:45:00,0.88032,6h 0m,-8.11,700.57,-0.5,-8.11,700.57,-6.7,828.7,-0.08,6.95,Strategy_6_47_153,IS
588,USDCHF,Buy,23.02.2024 17:00:00,0.88016,0.1,23.02.2024 23:45:00,0.88118,6h 45m,11.08,711.65,-0.5,11.08,711.65,10.2,838.9,0.1,7.05,Strategy_6_47_153,IS
590,USDCHF,Buy,26.02.2024 02:30:00,0.88145,0.1,26.02.2024 23:45:00,0.88014,21h 15m,-15.38,696.27,-0.5,-15.38,696.27,-13.1,825.8,-0.14,6.91,Strategy_6_47_153,IS
592,USDCHF,Buy,29.02.2024 15:30:00,0.88069,0.1,29.02.2024 19:17:40,0.88391,3h 47m,35.93,732.2,-0.5,35.93,732.2,32.2,858,0.34,7.25,tp 0.88391,IS
594,USDCHF,Buy,12.03.2024 05:45:00,0.87747,0.1,12.03.2024 23:45:00,0.87723,18h 0m,-3.24,728.96,-0.5,-3.24,728.96,-2.4,855.6,-0.03,7.22,Strategy_6_47_153,IS
596,USDCHF,Buy,14.03.2024 08:00:00,0.87935,0.1,14.03.2024 16:35:40,0.88122,8h 35m,20.72,749.68,-0.5,20.72,749.68,18.7,874.3,0.19,7.41,tp 0.88122,IS
598,USDCHF,Buy,15.03.2024 04:00:00,0.88486,0.1,15.03.2024 23:45:00,0.88352,19h 45m,-15.67,734.01,-0.5,-15.67,734.01,-13.4,860.9,-0.15,7.26,Strategy_6_47_153,IS
600,USDCHF,Buy,18.03.2024 17:30:00,0.88472,0.1,18.03.2024 20:29:40,0.88753,2h 59m,31.16,765.17,-0.5,31.16,765.17,28.1,889,0.29,7.55,tp 0.88753,IS
602,USDCHF,Buy,19.03.2024 09:30:00,0.88889,0.1,19.03.2024 23:45:00,0.88818,14h 15m,-8.49,756.68,-0.5,-8.49,756.68,-7.1,881.9,-0.08,7.47,Strategy_6_47_153,IS
604,USDCHF,Buy,20.03.2024 02:15:00,0.88832,0.1,20.03.2024 12:11:40,0.89079,9h 56m,27.23,783.91,-0.5,27.23,783.91,24.7,906.6,0.25,7.73,tp 0.89079,IS
606,USDCHF,Buy,21.03.2024 13:00:00,0.8947,0.1,21.03.2024 23:45:00,0.89776,10h 45m,33.58,817.49,-0.5,33.58,817.49,30.6,937.2,0.31,8.04,Strategy_6_47_153,IS
608,USDCHF,Buy,26.03.2024 02:00:00,0.89969,0.1,26.03.2024 14:55:40,0.90223,12h 55m,27.65,845.14,-0.5,27.65,845.14,25.4,962.6,0.26,8.29,tp 0.90223,IS
610,USDCHF,Buy,27.03.2024 12:00:00,0.90527,0.1,27.03.2024 23:45:00,0.90385,11h 45m,-16.21,828.93,-0.5,-16.21,828.93,-14.2,948.4,-0.15,8.14,Strategy_6_47_153,IS
612,USDCHF,Buy,28.03.2024 02:00:00,0.90526,0.1,28.03.2024 23:45:00,0.90156,21h 45m,-41.54,787.39,-0.5,-41.54,787.39,-37,911.4,-0.38,7.76,Strategy_6_47_153,IS
614,USDCHF,Buy,01.04.2024 16:00:00,0.90223,0.1,01.04.2024 17:07:40,0.90485,1h 7m,28.46,815.85,-0.5,28.46,815.85,26.2,937.6,0.26,8.02,tp 0.90485,IS
616,USDCHF,Buy,03.04.2024 04:15:00,0.90847,0.1,03.04.2024 19:31:40,0.90297,15h 16m,-61.41,754.44,-0.5,-61.41,754.44,-55,882.6,-0.57,7.46,sl 0.90297,IS
618,USDCHF,Buy,08.04.2024 04:15:00,0.90368,0.1,08.04.2024 23:45:00,0.90556,19h 30m,20.26,774.7,-0.5,20.26,774.7,18.8,901.4,0.19,7.65,Strategy_6_47_153,IS
620,USDCHF,Buy,09.04.2024 02:00:00,0.90548,0.1,09.04.2024 23:45:00,0.90352,21h 45m,-22.19,752.51,-0.5,-22.19,752.51,-19.6,881.8,-0.21,7.44,Strategy_6_47_153,IS
622,USDCHF,Buy,12.04.2024 11:30:00,0.91287,0.1,12.04.2024 23:45:00,0.9143,12h 15m,15.14,767.65,-0.5,15.14,767.65,14.3,896.1,0.14,7.58,Strategy_6_47_153,IS
624,USDCHF,Buy,22.04.2024 02:15:00,0.91076,0.1,22.04.2024 23:45:00,0.91178,21h 30m,10.69,778.34,-0.5,10.69,778.34,10.2,906.3,0.1,7.68,Strategy_6_47_153,IS
626,USDCHF,Buy,23.04.2024 08:00:00,0.91234,0.1,23.04.2024 23:45:00,0.91167,15h 45m,-7.85,770.49,-0.5,-7.85,770.49,-6.7,899.6,-0.07,7.61,Strategy_6_47_153,IS
628,USDCHF,Buy,24.04.2024 02:00:00,0.91166,0.1,24.04.2024 14:18:40,0.91472,12h 18m,32.95,803.44,-0.5,32.95,803.44,30.6,930.2,0.31,7.91,tp 0.91472,IS
630,USDCHF,Buy,30.04.2024 15:30:00,0.91268,0.1,30.04.2024 17:53:40,0.91625,2h 23m,38.46,841.9,-0.5,38.46,841.9,35.7,965.9,0.36,8.27,tp 0.91625,IS
632,USDCHF,Buy,07.05.2024 02:45:00,0.90664,0.1,07.05.2024 21:32:40,0.90914,18h 47m,27,868.9,-0.5,27,868.9,25,990.9,0.25,8.52,tp 0.90914,IS
634,USDCHF,Buy,13.05.2024 06:15:00,0.90662,0.1,13.05.2024 22:38:40,0.90858,16h 23m,21.07,889.97,-0.5,21.07,889.97,19.6,1010.5,0.19,8.71,tp 0.90858,IS
636,USDCHF,Buy,20.05.2024 04:00:00,0.90923,0.1,20.05.2024 23:45:00,0.91074,19h 45m,16.08,906.05,-0.5,16.08,906.05,15.1,1025.6,0.15,8.86,Strategy_6_47_153,IS
638,USDCHF,Buy,21.05.2024 04:45:00,0.91102,0.1,21.05.2024 23:45:00,0.91092,19h 0m,-1.6,904.45,-0.5,-1.6,904.45,-1,1024.6,-0.01,8.84,Strategy_6_47_153,IS
640,USDCHF,Buy,22.05.2024 03:15:00,0.91116,0.1,22.05.2024 11:25:20,0.91308,8h 10m,20.53,924.98,-0.5,20.53,924.98,19.2,1043.8,0.19,9.03,tp 0.91308,IS
642,USDCHF,Buy,24.05.2024 03:45:00,0.9149,0.1,24.05.2024 23:45:00,0.91461,20h 0m,-3.67,921.31,-0.5,-3.67,921.31,-2.9,1040.9,-0.03,9,Strategy_6_47_153,IS
644,USDCHF,Buy,30.05.2024 03:45:00,0.91366,0.1,30.05.2024 11:40:40,0.90816,7h 55m,-61.06,860.25,-0.5,-61.06,860.25,-55,985.9,-0.56,8.44,sl 0.90816,IS
646,USDCHF,Buy,07.06.2024 17:00:00,0.89649,0.1,07.06.2024 23:45:00,0.89649,6h 45m,-0.5,859.75,-0.5,-0.5,859.75,0,985.9,-0,8.44,Strategy_6_47_153,IS
648,USDCHF,Buy,10.06.2024 06:15:00,0.89779,0.1,10.06.2024 23:45:00,0.89651,17h 30m,-14.78,844.97,-0.5,-14.78,844.97,-12.8,973.1,-0.14,8.3,Strategy_6_47_153,IS
650,USDCHF,Buy,11.06.2024 16:15:00,0.89752,0.1,11.06.2024 23:45:00,0.89753,7h 30m,-0.39,844.58,-0.5,-0.39,844.58,0.1,973.2,-0,8.3,Strategy_6_47_153,IS
652,USDCHF,Buy,14.06.2024 02:00:00,0.89401,0.1,14.06.2024 23:45:00,0.89,21h 45m,-45.56,799.02,-0.5,-45.56,799.02,-40.1,933.1,-0.42,7.88,Strategy_6_47_153,IS
654,USDCHF,Buy,20.06.2024 12:00:00,0.8895,0.1,20.06.2024 23:45:00,0.89094,11h 45m,15.66,814.68,-0.5,15.66,814.68,14.4,947.5,0.15,8.02,Strategy_6_47_153,IS
656,USDCHF,Buy,21.06.2024 16:00:00,0.89258,0.1,21.06.2024 23:45:00,0.8942,7h 45m,17.62,832.3,-0.5,17.62,832.3,16.2,963.7,0.16,8.18,Strategy_6_47_153,IS
658,USDCHF,Buy,24.06.2024 03:30:00,0.89433,0.1,24.06.2024 23:45:00,0.89296,20h 15m,-15.84,816.46,-0.5,-15.84,816.46,-13.7,950,-0.15,8.04,Strategy_6_47_153,IS
660,USDCHF,Buy,25.06.2024 15:00:00,0.89363,0.1,25.06.2024 23:45:00,0.89466,8h 45m,11.01,827.47,-0.5,11.01,827.47,10.3,960.3,0.1,8.14,Strategy_6_47_153,IS
662,USDCHF,Buy,27.06.2024 12:00:00,0.89765,0.1,27.06.2024 23:45:00,0.89875,11h 45m,11.74,839.21,-0.5,11.74,839.21,11,971.3,0.11,8.25,Strategy_6_47_153,IS
664,USDCHF,Buy,01.07.2024 02:45:00,0.90019,0.1,01.07.2024 17:48:40,0.90375,15h 3m,38.89,878.1,-0.5,38.89,878.1,35.6,1006.9,0.36,8.61,tp 0.90375,IS
666,USDCHF,Buy,03.07.2024 08:00:00,0.90425,0.1,03.07.2024 17:16:40,0.89875,9h 16m,-61.7,816.4,-0.5,-61.7,816.4,-55,951.9,-0.57,8.04,sl 0.89875,IS
668,USDCHF,Buy,10.07.2024 16:15:00,0.89886,0.1,10.07.2024 23:45:00,0.8995,7h 30m,6.62,823.02,-0.5,6.62,823.02,6.4,958.3,0.06,8.1,Strategy_6_47_153,IS
670,USDCHF,Buy,15.07.2024 02:30:00,0.89674,0.1,15.07.2024 23:45:00,0.89578,21h 15m,-11.22,811.8,-0.5,-11.22,811.8,-9.6,948.7,-0.1,8,Strategy_6_47_153,IS
672,USDCHF,Buy,16.07.2024 05:00:00,0.89582,0.1,16.07.2024 15:52:40,0.89784,10h 52m,22,833.8,-0.5,22,833.8,20.2,968.9,0.2,8.2,tp 0.89784,IS
674,USDCHF,Buy,22.07.2024 04:15:00,0.88842,0.1,22.07.2024 23:45:00,0.88966,19h 30m,13.44,847.24,-0.5,13.44,847.24,12.4,981.3,0.12,8.32,Strategy_6_47_153,IS
676,USDCHF,Buy,23.07.2024 12:00:00,0.89008,0.1,23.07.2024 23:45:00,0.8912,11h 45m,12.07,859.31,-0.5,12.07,859.31,11.2,992.5,0.11,8.44,Strategy_6_47_153,IS
678,USDCHF,Buy,29.07.2024 02:15:00,0.88424,0.1,29.07.2024 17:40:20,0.88707,15h 25m,31.4,890.71,-0.5,31.4,890.71,28.3,1020.8,0.29,8.72,tp 0.88707,IS
680,USDCHF,Buy,07.08.2024 05:45:00,0.85625,0.1,07.08.2024 12:40:40,0.86225,6h 55m,69.09,959.8,-0.5,69.09,959.8,60,1080.8,0.63,9.36,tp 0.86225,IS
682,USDCHF,Buy,08.08.2024 10:00:00,0.85968,0.1,08.08.2024 16:35:40,0.8652,6h 35m,63.3,1023.1,-0.5,63.3,1023.1,55.2,1136,0.58,9.94,tp 0.86520,IS
684,USDCHF,Buy,13.08.2024 13:30:00,0.86736,0.1,13.08.2024 23:45:00,0.86481,10h 15m,-29.99,993.11,-0.5,-29.99,993.11,-25.5,1110.5,-0.27,9.66,Strategy_6_47_153,IS
686,USDCHF,Buy,15.08.2024 05:00:00,0.86596,0.1,15.08.2024 15:30:40,0.86876,10h 30m,31.73,1024.84,-0.5,31.73,1024.84,28,1138.5,0.29,9.95,tp 0.86876,IS
688,USDCHF,Buy,23.08.2024 16:00:00,0.85226,0.1,23.08.2024 23:45:00,0.84764,7h 45m,-55,969.84,-0.5,-55,969.84,-46.2,1092.3,-0.5,9.45,Strategy_6_47_153,IS
690,USDCHF,Buy,29.08.2024 13:15:00,0.84365,0.1,29.08.2024 15:48:20,0.84782,2h 33m,48.68,1018.52,-0.5,48.68,1018.52,41.7,1134,0.44,9.9,tp 0.84782,IS
692,USDCHF,Buy,02.09.2024 16:00:00,0.85123,0.1,02.09.2024 23:45:00,0.85163,7h 45m,4.2,1022.72,-0.5,4.2,1022.72,4,1138,0.04,9.94,Strategy_6_47_153,IS
694,USDCHF,Buy,10.09.2024 04:00:00,0.84978,0.1,10.09.2024 23:45:00,0.84671,19h 45m,-36.76,985.96,-0.5,-36.76,985.96,-30.7,1107.3,-0.33,9.6,Strategy_6_47_153,IS
696,USDCHF,Sell,18.09.2024 08:15:00,0.84546,0.1,18.09.2024 22:45:40,0.84646,14h 30m,-12.31,973.65,-0.5,-12.31,973.65,-10,1097.3,-0.11,9.49,sl 0.84646,IS
698,USDCHF,Buy,19.09.2024 02:00:00,0.84591,0.1,19.09.2024 04:40:40,0.85132,2h 40m,63.05,1036.7,-0.5,63.05,1036.7,54.1,1151.4,0.57,10.07,tp 0.85132,IS
700,USDCHF,Buy,20.09.2024 14:15:00,0.84975,0.1,20.09.2024 23:45:00,0.85028,9h 30m,5.73,1042.43,-0.5,5.73,1042.43,5.3,1156.7,0.05,10.12,Strategy_6_47_153,IS
702,USDCHF,Buy,25.09.2024 14:00:00,0.84936,0.1,25.09.2024 23:45:00,0.85047,9h 45m,12.55,1054.98,-0.5,12.55,1054.98,11.1,1167.8,0.11,10.23,Strategy_6_47_153,IS
704,USDCHF,Buy,26.09.2024 17:45:00,0.84889,0.1,26.09.2024 23:45:00,0.84623,6h 0m,-31.93,1023.05,-0.5,-31.93,1023.05,-26.6,1141.2,-0.29,9.94,Strategy_6_47_153,IS
706,USDCHF,Buy,02.10.2024 07:15:00,0.84658,0.1,02.10.2024 15:28:40,0.84954,8h 13m,34.34,1057.39,-0.5,34.34,1057.39,29.6,1170.8,0.31,10.25,tp 0.84954,IS
708,USDCHF,Buy,03.10.2024 17:15:00,0.8518,0.1,03.10.2024 23:45:00,0.85276,6h 30m,10.76,1068.15,-0.5,10.76,1068.15,9.6,1180.4,0.1,10.35,Strategy_6_47_153,IS
710,USDCHF,Buy,04.10.2024 12:45:00,0.85243,0.1,04.10.2024 15:30:40,0.8555,2h 45m,35.39,1103.54,-0.5,35.39,1103.54,30.7,1211.1,0.32,10.67,tp 0.85550,IS
712,USDCHF,Buy,09.10.2024 04:45:00,0.85772,0.1,09.10.2024 19:47:40,0.86018,15h 2m,28.1,1131.64,-0.5,28.1,1131.64,24.6,1235.7,0.25,10.92,tp 0.86018,IS
714,USDCHF,Buy,10.10.2024 08:30:00,0.86054,0.1,10.10.2024 23:45:00,0.85624,15h 15m,-50.72,1080.92,-0.5,-50.72,1080.92,-43,1192.7,-0.46,10.47,Strategy_6_47_153,IS
716,USDCHF,Buy,14.10.2024 04:00:00,0.85837,0.1,14.10.2024 13:47:20,0.86066,9h 47m,26.11,1107.03,-0.5,26.11,1107.03,22.9,1215.6,0.24,10.7,tp 0.86066,IS
718,USDCHF,Buy,15.10.2024 08:00:00,0.86361,0.1,15.10.2024 23:45:00,0.86211,15h 45m,-17.9,1089.13,-0.5,-17.9,1089.13,-15,1200.6,-0.16,10.54,Strategy_6_47_153,IS
720,USDCHF,Buy,16.10.2024 04:00:00,0.86263,0.1,16.10.2024 17:16:40,0.86471,13h 16m,23.55,1112.68,-0.5,23.55,1112.68,20.8,1221.4,0.21,10.75,tp 0.86471,IS
722,USDCHF,Buy,18.10.2024 10:45:00,0.86652,0.1,18.10.2024 23:45:00,0.86491,13h 0m,-19.11,1093.57,-0.5,-19.11,1093.57,-16.1,1205.3,-0.17,10.58,Strategy_6_47_153,IS
724,USDCHF,Buy,23.10.2024 03:45:00,0.86637,0.1,23.10.2024 10:02:40,0.8683,6h 17m,21.73,1115.3,-0.5,21.73,1115.3,19.3,1224.6,0.2,10.78,tp 0.86830,IS
726,USDCHF,Buy,28.10.2024 02:00:00,0.86828,0.1,28.10.2024 23:45:00,0.86517,21h 45m,-36.45,1078.85,-0.5,-36.45,1078.85,-31.1,1193.5,-0.33,10.45,Strategy_6_47_153,IS
728,USDCHF,Buy,30.10.2024 08:00:00,0.86752,0.1,30.10.2024 23:45:00,0.8663,15h 45m,-14.58,1064.27,-0.5,-14.58,1064.27,-12.2,1181.3,-0.13,10.32,Strategy_6_47_153,IS
730,USDCHF,Sell,01.11.2024 02:15:00,0.86325,0.1,01.11.2024 05:48:40,0.86425,3h 33m,-12.07,1052.2,-0.5,-12.07,1052.2,-10,1171.3,-0.11,10.21,sl 0.86425,IS
732,USDCHF,Buy,06.11.2024 04:00:00,0.86913,0.1,06.11.2024 05:40:40,0.87485,1h 40m,64.88,1117.08,-0.5,64.88,1117.08,57.2,1228.5,0.59,10.8,tp 0.87485,IS
734,USDCHF,Buy,13.11.2024 02:30:00,0.88261,0.1,13.11.2024 20:06:40,0.88544,17h 36m,31.46,1148.54,-0.5,31.46,1148.54,28.3,1256.8,0.28,11.08,tp 0.88544,IS
736,USDCHF,Buy,14.11.2024 08:00:00,0.88747,0.1,14.11.2024 12:28:40,0.88989,4h 28m,26.69,1175.23,-0.5,26.69,1175.23,24.2,1281,0.24,11.32,tp 0.88989,IS
738,USDCHF,Buy,20.11.2024 08:00:00,0.88367,0.1,20.11.2024 12:43:40,0.88583,4h 43m,23.88,1199.11,-0.5,23.88,1199.11,21.6,1302.6,0.21,11.53,tp 0.88583,IS
740,USDCHF,Buy,22.11.2024 08:15:00,0.88696,0.1,22.11.2024 11:11:40,0.88898,2h 56m,22.22,1221.33,-0.5,22.22,1221.33,20.2,1322.8,0.2,11.73,tp 0.88898,IS
742,USDCHF,Buy,02.12.2024 16:00:00,0.88652,0.1,02.12.2024 23:45:00,0.886,7h 45m,-6.37,1214.96,-0.5,-6.37,1214.96,-5.2,1317.6,-0.06,11.68,Strategy_6_47_153,IS
744,USDCHF,Buy,03.12.2024 08:15:00,0.88836,0.1,03.12.2024 23:45:00,0.88579,15h 30m,-29.51,1185.45,-0.5,-29.51,1185.45,-25.7,1291.9,-0.26,11.41,Strategy_6_47_153,IS
746,USDCHF,Buy,04.12.2024 03:30:00,0.88698,0.1,04.12.2024 23:45:00,0.88424,20h 15m,-31.49,1153.96,-0.5,-31.49,1153.96,-27.4,1264.5,-0.28,11.13,Strategy_6_47_153,IS
748,USDCHF,Buy,09.12.2024 08:00:00,0.88017,0.1,09.12.2024 23:45:00,0.87841,15h 45m,-20.54,1133.42,-0.5,-20.54,1133.42,-17.6,1246.9,-0.18,10.95,Strategy_6_47_153,IS
750,USDCHF,Buy,10.12.2024 02:00:00,0.87865,0.1,10.12.2024 16:54:20,0.88105,14h 54m,26.74,1160.16,-0.5,26.74,1160.16,24,1270.9,0.24,11.19,tp 0.88105,IS
752,USDCHF,Buy,12.12.2024 08:00:00,0.88391,0.1,12.12.2024 10:29:40,0.88617,2h 29m,25,1185.16,-0.5,25,1185.16,22.6,1293.5,0.22,11.41,tp 0.88617,IS
754,USDCHF,Buy,17.12.2024 12:00:00,0.89742,0.1,17.12.2024 19:07:40,0.89192,7h 7m,-62.16,1123,-0.5,-62.16,1123,-55,1238.5,-0.56,10.85,sl 0.89192,IS
756,USDCHF,Buy,20.12.2024 02:00:00,0.89906,0.1,20.12.2024 13:41:40,0.89356,11h 41m,-62.05,1060.95,-0.5,-62.05,1060.95,-55,1183.5,-0.56,10.3,sl 0.89356,IS
758,USDCHF,Buy,26.12.2024 03:00:00,0.89987,0.1,26.12.2024 23:45:00,0.89871,20h 45m,-13.41,1047.54,-0.5,-13.41,1047.54,-11.6,1171.9,-0.12,10.18,Strategy_6_47_153,IS
760,USDCHF,Buy,27.12.2024 11:00:00,0.90064,0.1,27.12.2024 23:45:00,0.90239,12h 45m,18.89,1066.43,-0.5,18.89,1066.43,17.5,1189.4,0.17,10.35,Strategy_6_47_153,IS
762,USDCHF,Buy,30.12.2024 15:00:00,0.90335,0.1,30.12.2024 16:01:40,0.90646,1h 1m,33.81,1100.24,-0.5,33.81,1100.24,31.1,1220.5,0.31,10.65,tp 0.90646,IS
764,USDCHF,Buy,31.12.2024 14:45:00,0.90526,0.1,31.12.2024 23:45:00,0.90711,9h 0m,19.89,1120.13,-0.5,19.89,1120.13,18.5,1239,0.18,10.83,Strategy_6_47_153,IS
766,USDCHF,Buy,02.01.2025 14:00:00,0.90784,0.1,02.01.2025 18:02:40,0.91159,4h 2m,40.64,1160.77,-0.5,40.64,1160.77,37.5,1276.5,0.37,11.2,tp 0.91159,IS
768,USDCHF,Buy,03.01.2025 16:30:00,0.90963,0.1,03.01.2025 23:45:00,0.90873,7h 15m,-10.4,1150.37,-0.5,-10.4,1150.37,-9,1267.5,-0.09,11.1,Strategy_6_47_153,IS
770,USDCHF,Buy,09.01.2025 09:30:00,0.91147,0.1,10.01.2025 00:05:30,0.91142,14h 35m,-0.99,1149.38,-0.44,-0.99,1149.38,-0.5,1267,-0.01,11.09,Strategy_6_47_153,IS
772,USDCHF,Buy,10.01.2025 08:00:00,0.91304,0.1,10.01.2025 15:30:40,0.91482,7h 30m,18.96,1168.34,-0.5,18.96,1168.34,17.8,1284.8,0.17,11.26,tp 0.91482,IS
774,USDCHF,Buy,13.01.2025 06:15:00,0.91751,0.1,13.01.2025 23:45:00,0.91735,17h 30m,-2.24,1166.1,-0.5,-2.24,1166.1,-1.6,1283.2,-0.02,11.24,Strategy_6_47_153,IS
776,USDCHF,Buy,16.01.2025 08:00:00,0.9128,0.1,16.01.2025 23:45:00,0.91049,15h 45m,-25.87,1140.23,-0.5,-25.87,1140.23,-23.1,1260.1,-0.23,11.01,Strategy_6_47_153,IS
778,USDCHF,Buy,17.01.2025 15:30:00,0.91289,0.1,17.01.2025 23:45:00,0.91455,8h 15m,17.65,1157.88,-0.5,17.65,1157.88,16.6,1276.7,0.16,11.17,Strategy_6_47_153,IS
780,USDCHF,Buy,20.01.2025 12:00:00,0.91384,0.1,20.01.2025 15:34:40,0.90834,3h 34m,-61.05,1096.83,-0.5,-61.05,1096.83,-55,1221.7,-0.55,10.62,sl 0.90834,IS
782,USDCHF,Buy,23.01.2025 05:00:00,0.90665,0.1,23.01.2025 17:08:40,0.90897,12h 8m,25.02,1121.85,-0.5,25.02,1121.85,23.2,1244.9,0.23,10.85,tp 0.90897,IS
784,USDCHF,Buy,24.01.2025 02:00:00,0.90754,0.1,24.01.2025 23:45:00,0.90587,21h 45m,-18.94,1102.91,-0.5,-18.94,1102.91,-16.7,1228.2,-0.17,10.68,Strategy_6_47_153,IS
786,USDCHF,Buy,27.01.2025 05:00:00,0.9065,0.1,27.01.2025 12:02:40,0.901,7h 2m,-61.54,1041.37,-0.5,-61.54,1041.37,-55,1173.2,-0.55,10.13,sl 0.90100,IS
788,USDCHF,Buy,28.01.2025 03:00:00,0.90461,0.1,28.01.2025 23:45:00,0.90407,20h 45m,-6.47,1034.9,-0.5,-6.47,1034.9,-5.4,1167.8,-0.06,10.07,Strategy_6_47_153,IS
790,USDCHF,Buy,29.01.2025 13:00:00,0.90601,0.1,29.01.2025 21:05:40,0.90889,8h 5m,31.19,1066.09,-0.5,31.19,1066.09,28.8,1196.6,0.28,10.35,tp 0.90889,IS
792,USDCHF,Buy,30.01.2025 08:15:00,0.90671,0.1,30.01.2025 19:41:40,0.90911,11h 26m,25.9,1091.99,-0.5,25.9,1091.99,24,1220.6,0.23,10.58,tp 0.90911,IS
794,USDCHF,Buy,31.01.2025 03:30:00,0.90993,0.1,31.01.2025 23:45:00,0.91122,20h 15m,13.66,1105.65,-0.5,13.66,1105.65,12.9,1233.5,0.12,10.71,Strategy_6_47_153,IS
796,USDCHF,Buy,03.02.2025 02:00:00,0.91522,0.1,03.02.2025 23:45:00,0.91039,21h 45m,-53.55,1052.1,-0.5,-53.55,1052.1,-48.3,1185.2,-0.48,10.22,Strategy_6_47_153,IS
798,USDCHF,Buy,06.02.2025 12:00:00,0.90533,0.1,06.02.2025 23:45:00,0.90475,11h 45m,-6.91,1045.19,-0.5,-6.91,1045.19,-5.8,1179.4,-0.06,10.16,Strategy_6_47_153,IS
800,USDCHF,Buy,07.02.2025 04:00:00,0.90568,0.1,07.02.2025 15:30:40,0.90814,11h 30m,26.59,1071.78,-0.5,26.59,1071.78,24.6,1204,0.24,10.4,tp 0.90814,IS
802,USDCHF,Buy,10.02.2025 02:00:00,0.911,0.1,10.02.2025 23:45:00,0.91126,21h 45m,2.35,1074.13,-0.5,2.35,1074.13,2.6,1206.6,0.02,10.42,Strategy_6_47_153,IS
804,USDCHF,Buy,11.02.2025 02:45:00,0.91131,0.1,11.02.2025 15:02:40,0.91334,12h 17m,21.73,1095.86,-0.5,21.73,1095.86,20.3,1226.9,0.2,10.62,tp 0.91334,IS
806,USDCHF,Buy,12.02.2025 06:15:00,0.91353,0.1,12.02.2025 23:45:00,0.91364,17h 30m,0.7,1096.56,-0.5,0.7,1096.56,1.1,1228,0.01,10.63,Strategy_6_47_153,IS
808,USDCHF,Sell,13.02.2025 14:00:00,0.9076,0.1,13.02.2025 23:45:00,0.90306,9h 45m,49.77,1146.33,-0.5,49.77,1146.33,45.4,1273.4,0.45,11.07,Strategy_6_47_153,IS
810,USDCHF,Buy,17.02.2025 14:45:00,0.90174,0.1,17.02.2025 23:45:00,0.90075,9h 0m,-11.49,1134.84,-0.5,-11.49,1134.84,-9.9,1263.5,-0.1,10.97,Strategy_6_47_153,IS
812,USDCHF,Buy,18.02.2025 04:00:00,0.90183,0.1,18.02.2025 20:16:40,0.9038,16h 16m,21.3,1156.14,-0.5,21.3,1156.14,19.7,1283.2,0.19,11.16,tp 0.90380,IS
814,USDCHF,Buy,19.02.2025 04:00:00,0.90389,0.1,19.02.2025 23:45:00,0.90444,19h 45m,5.58,1161.72,-0.5,5.58,1161.72,5.5,1288.7,0.05,11.21,Strategy_6_47_153,IS
816,USDCHF,Buy,20.02.2025 02:15:00,0.9044,0.1,20.02.2025 19:10:40,0.8989,16h 55m,-61.69,1100.03,-0.5,-61.69,1100.03,-55,1233.7,-0.55,10.66,sl 0.89890,IS
818,USDCHF,Buy,24.02.2025 13:45:00,0.89967,0.1,24.02.2025 23:45:00,0.89731,10h 0m,-26.8,1073.23,-0.5,-26.8,1073.23,-23.6,1210.1,-0.24,10.42,Strategy_6_47_153,IS
820,USDCHF,Buy,27.02.2025 04:00:00,0.89515,0.1,27.02.2025 12:08:40,0.89795,8h 8m,30.68,1103.91,-0.5,30.68,1103.91,28,1238.1,0.28,10.7,tp 0.89795,IS
822,USDCHF,Buy,28.02.2025 12:00:00,0.90191,0.1,28.02.2025 23:45:00,0.90311,11h 45m,12.79,1116.7,-0.5,12.79,1116.7,12,1250.1,0.12,10.81,Strategy_6_47_153,IS
824,USDCHF,Buy,11.03.2025 08:00:00,0.879,0.1,11.03.2025 13:34:40,0.88248,5h 34m,38.93,1155.63,-0.5,38.93,1155.63,34.8,1284.9,0.35,11.16,tp 0.88248,IS
826,USDCHF,Buy,13.03.2025 16:45:00,0.88352,0.1,13.03.2025 23:45:00,0.88226,7h 0m,-14.78,1140.85,-0.5,-14.78,1140.85,-12.6,1272.3,-0.13,11.03,Strategy_6_47_153,IS
828,USDCHF,Buy,14.03.2025 08:00:00,0.8841,0.1,14.03.2025 23:45:00,0.88488,15h 45m,8.31,1149.16,-0.5,8.31,1149.16,7.8,1280.1,0.07,11.1,Strategy_6_47_153,IS
830,USDCHF,Buy,19.03.2025 16:45:00,0.87991,0.1,19.03.2025 23:45:00,0.87756,7h 0m,-27.28,1121.88,-0.5,-27.28,1121.88,-23.5,1256.6,-0.24,10.86,Strategy_6_47_153,IS
832,USDCHF,Buy,20.03.2025 13:00:00,0.88211,0.1,20.03.2025 23:45:00,0.88146,10h 45m,-7.87,1114.01,-0.5,-7.87,1114.01,-6.5,1250.1,-0.07,10.79,Strategy_6_47_153,IS
834,USDCHF,Buy,21.03.2025 08:00:00,0.88361,0.1,21.03.2025 23:45:00,0.88316,15h 45m,-5.6,1108.41,-0.5,-5.6,1108.41,-4.5,1245.6,-0.05,10.74,Strategy_6_47_153,IS
836,USDCHF,Buy,24.03.2025 02:15:00,0.88316,0.1,24.03.2025 23:45:00,0.8828,21h 30m,-4.58,1103.83,-0.5,-4.58,1103.83,-3.6,1242,-0.04,10.7,Strategy_6_47_153,IS
838,USDCHF,Buy,25.03.2025 10:00:00,0.88365,0.1,25.03.2025 23:45:00,0.88244,13h 45m,-14.21,1089.62,-0.5,-14.21,1089.62,-12.1,1229.9,-0.13,10.57,Strategy_6_47_153,IS
840,USDCHF,Buy,26.03.2025 08:00:00,0.8838,0.1,26.03.2025 23:45:00,0.88392,15h 45m,0.86,1090.48,-0.5,0.86,1090.48,1.2,1231.1,0.01,10.58,Strategy_6_47_153,IS
842,USDCHF,Buy,27.03.2025 13:15:00,0.88434,0.1,27.03.2025 23:45:00,0.88166,10h 30m,-30.9,1059.58,-0.5,-30.9,1059.58,-26.8,1204.3,-0.28,10.3,Strategy_6_47_153,IS
844,USDCHF,Buy,01.04.2025 15:00:00,0.88269,0.1,01.04.2025 23:45:00,0.88356,8h 45m,9.35,1068.93,-0.5,9.35,1068.93,8.7,1213,0.08,10.38,Strategy_6_47_153,IS
846,USDCHF,Buy,02.04.2025 02:45:00,0.88382,0.1,02.04.2025 23:45:00,0.88329,21h 0m,-6.5,1062.43,-0.5,-6.5,1062.43,-5.3,1207.7,-0.06,10.32,Strategy_6_47_153,IS
848,USDCHF,Sell,03.04.2025 05:30:00,0.87621,0.1,03.04.2025 15:49:40,0.85871,10h 19m,203.29,1265.72,-0.5,203.29,1265.72,175,1382.7,1.84,12.16,tp 0.85871,IS
850,USDCHF,Buy,07.04.2025 16:15:00,0.85503,0.1,07.04.2025 17:16:40,0.86537,1h 1m,118.99,1384.71,-0.5,118.99,1384.71,103.4,1486.1,1.06,13.22,tp 0.86537,IS
852,USDCHF,Buy,08.04.2025 12:00:00,0.85926,0.1,08.04.2025 15:04:20,0.85376,3h 4m,-64.92,1319.79,-0.5,-64.92,1319.79,-55,1431.1,-0.57,12.65,sl 0.85376,IS
854,USDCHF,Buy,18.04.2025 08:15:00,0.8186,0.1,18.04.2025 23:45:00,0.81591,15h 30m,-33.47,1286.32,-0.5,-33.47,1286.32,-26.9,1404.2,-0.3,12.35,Strategy_6_47_153,IS
856,USDCHF,Buy,22.04.2025 16:00:00,0.81266,0.1,22.04.2025 23:45:00,0.81884,7h 45m,74.97,1361.29,-0.5,74.97,1361.29,61.8,1466,0.66,13.02,Strategy_6_47_153,IS
858,USDCHF,Buy,24.04.2025 08:00:00,0.82872,0.1,24.04.2025 23:45:00,0.8269,15h 45m,-22.51,1338.78,-0.5,-22.51,1338.78,-18.2,1447.8,-0.2,12.82,Strategy_6_47_153,IS
860,USDCHF,Buy,25.04.2025 03:30:00,0.83016,0.1,25.04.2025 23:45:00,0.82778,20h 15m,-29.25,1309.53,-0.5,-29.25,1309.53,-23.8,1424,-0.26,12.56,Strategy_6_47_153,IS
862,USDCHF,Buy,30.04.2025 05:45:00,0.82416,0.1,30.04.2025 23:45:00,0.82675,18h 0m,30.83,1340.36,-0.5,30.83,1340.36,25.9,1449.9,0.27,12.83,Strategy_6_47_153,IS
864,USDCHF,Buy,01.05.2025 02:00:00,0.82624,0.1,01.05.2025 17:27:40,0.83158,15h 27m,63.72,1404.08,-0.5,63.72,1404.08,53.4,1503.3,0.56,13.39,tp 0.83158,IS
866,USDCHF,Buy,07.05.2025 03:00:00,0.82609,0.1,07.05.2025 17:43:40,0.82059,14h 43m,-67.52,1336.56,-0.5,-67.52,1336.56,-55,1448.3,-0.59,12.8,sl 0.82059,IS
868,USDCHF,Buy,12.05.2025 02:00:00,0.83427,0.1,12.05.2025 10:02:40,0.83857,8h 2m,50.78,1387.34,-0.5,50.78,1387.34,43,1491.3,0.45,13.25,tp 0.83857,IS
870,USDCHF,Buy,19.05.2025 08:30:00,0.83634,0.1,19.05.2025 23:45:00,0.83457,15h 15m,-21.71,1365.63,-0.5,-21.71,1365.63,-17.7,1473.6,-0.19,13.06,Strategy_6_47_153,IS
872,USDCHF,Buy,22.05.2025 16:30:00,0.82721,0.1,22.05.2025 23:45:00,0.82889,7h 15m,19.77,1385.4,-0.5,19.77,1385.4,16.8,1490.4,0.17,13.23,Strategy_6_47_153,IS
874,USDCHF,Buy,27.05.2025 12:00:00,0.825,0.1,27.05.2025 23:45:00,0.82721,11h 45m,26.22,1411.62,-0.5,26.22,1411.62,22.1,1512.5,0.23,13.46,Strategy_6_47_153,IS
876,USDCHF,Buy,29.05.2025 04:00:00,0.83384,0.1,29.05.2025 13:28:40,0.82834,9h 28m,-66.9,1344.72,-0.5,-66.9,1344.72,-55,1457.5,-0.59,12.88,sl 0.82834,IS
878,USDCHF,Buy,04.06.2025 07:15:00,0.82393,0.1,04.06.2025 17:50:40,0.81843,10h 35m,-67.7,1277.02,-0.5,-67.7,1277.02,-55,1402.5,-0.6,12.28,sl 0.81843,IS
880,USDCHF,Buy,06.06.2025 04:00:00,0.8202,0.1,06.06.2025 15:30:40,0.82383,11h 30m,43.56,1320.58,-0.5,43.56,1320.58,36.3,1438.8,0.39,12.67,tp 0.82383,IS
882,USDCHF,Buy,10.06.2025 05:00:00,0.82357,0.1,10.06.2025 23:45:00,0.82275,18h 45m,-10.47,1310.11,-0.5,-10.47,1310.11,-8.2,1430.6,-0.09,12.57,Strategy_6_47_153,IS
884,USDCHF,Buy,11.06.2025 05:30:00,0.82295,0.1,11.06.2025 23:45:00,0.82039,18h 15m,-31.7,1278.41,-0.5,-31.7,1278.41,-25.6,1405,-0.28,12.29,Strategy_6_47_153,IS
886,USDCHF,Buy,16.06.2025 08:00:00,0.81272,0.1,16.06.2025 23:45:00,0.81421,15h 45m,17.8,1296.21,-0.5,17.8,1296.21,14.9,1419.9,0.16,12.45,Strategy_6_47_153,IS
888,USDCHF,Buy,17.06.2025 03:15:00,0.81387,0.1,17.06.2025 23:45:00,0.81669,20h 30m,34.03,1330.24,-0.5,34.03,1330.24,28.2,1448.1,0.3,12.75,Strategy_6_47_153,IS
890,USDCHF,Buy,18.06.2025 02:30:00,0.81694,0.1,18.06.2025 23:45:00,0.81846,21h 15m,18.07,1348.31,-0.5,18.07,1348.31,15.2,1463.3,0.16,12.91,Strategy_6_47_153,IS
892,USDCHF,Buy,19.06.2025 03:00:00,0.81925,0.1,19.06.2025 23:45:00,0.81634,20h 45m,-36.15,1312.16,-0.5,-36.15,1312.16,-29.1,1434.2,-0.32,12.59,Strategy_6_47_153,IS
894,USDCHF,Buy,23.06.2025 04:00:00,0.81872,0.1,23.06.2025 17:55:40,0.81322,13h 55m,-68.13,1244.03,-0.5,-68.13,1244.03,-55,1379.2,-0.6,11.99,sl 0.81322,IS
896,USDCHF,Buy,02.07.2025 08:45:00,0.79175,0.1,02.07.2025 23:45:00,0.7917,15h 0m,-1.13,1242.9,-0.5,-1.13,1242.9,-0.5,1378.7,-0.01,11.98,Strategy_6_47_153,IS
898,USDCHF,Buy,03.07.2025 15:00:00,0.79344,0.1,03.07.2025 15:30:40,0.79627,30m 40s,35.04,1277.94,-0.5,35.04,1277.94,28.3,1407,0.31,12.29,tp 0.79627,IS
900,USDCHF,Buy,07.07.2025 12:00:00,0.79716,0.1,07.07.2025 23:45:00,0.79841,11h 45m,15.16,1293.1,-0.5,15.16,1293.1,12.5,1419.5,0.13,12.43,Strategy_6_47_153,IS
902,USDCHF,Buy,08.07.2025 12:45:00,0.79659,0.1,08.07.2025 23:45:00,0.79581,11h 0m,-10.3,1282.8,-0.5,-10.3,1282.8,-7.8,1411.7,-0.09,12.34,Strategy_6_47_153,IS
904,USDCHF,Buy,14.07.2025 07:30:00,0.79716,0.1,14.07.2025 23:45:00,0.79802,16h 15m,10.28,1293.08,-0.5,10.28,1293.08,8.6,1420.3,0.09,12.43,Strategy_6_47_153,IS
906,USDCHF,Buy,15.07.2025 02:45:00,0.79812,0.1,15.07.2025 17:23:40,0.80038,14h 38m,27.74,1320.82,-0.5,27.74,1320.82,22.6,1442.9,0.25,12.67,tp 0.80038,IS
908,USDCHF,Buy,16.07.2025 16:00:00,0.80387,0.1,16.07.2025 18:17:40,0.79837,2h 17m,-69.39,1251.43,-0.5,-69.39,1251.43,-55,1387.9,-0.61,12.06,sl 0.79837,IS
910,USDCHF,Buy,17.07.2025 06:30:00,0.80243,0.1,17.07.2025 15:30:40,0.8059,9h 0m,42.56,1293.99,-0.5,42.56,1293.99,34.7,1422.6,0.38,12.44,tp 0.80590,IS
912,USDCHF,Buy,24.07.2025 16:15:00,0.79483,0.1,24.07.2025 23:45:00,0.79521,7h 30m,4.28,1298.27,-0.5,4.28,1298.27,3.8,1426.4,0.04,12.48,Strategy_6_47_153,IS
914,USDCHF,Buy,28.07.2025 12:00:00,0.79914,0.1,28.07.2025 21:05:40,0.80326,9h 5m,50.79,1349.06,-0.5,50.79,1349.06,41.2,1467.6,0.45,12.93,tp 0.80326,IS
916,USDCHF,Buy,30.07.2025 15:15:00,0.80702,0.1,30.07.2025 15:57:40,0.8103,42m 40s,39.98,1389.04,-0.5,39.98,1389.04,32.8,1500.4,0.35,13.28,tp 0.81030,IS
918,USDCHF,Buy,31.07.2025 16:45:00,0.81417,0.1,31.07.2025 23:45:00,0.81258,7h 0m,-20.07,1368.97,-0.5,-20.07,1368.97,-15.9,1484.5,-0.18,13.1,Strategy_6_47_153,IS
920,USDCHF,Buy,01.08.2025 03:30:00,0.81318,0.1,01.08.2025 11:59:40,0.81706,8h 29m,46.99,1415.96,-0.5,46.99,1415.96,38.8,1523.3,0.41,13.52,tp 0.81706,IS
922,USDCHF,Buy,08.08.2025 12:00:00,0.80856,0.1,08.08.2025 23:45:00,0.80828,11h 45m,-3.96,1412,-0.5,-3.96,1412,-2.8,1520.5,-0.03,13.48,Strategy_6_47_153,IS
924,USDCHF,Buy,11.08.2025 12:45:00,0.80941,0.1,11.08.2025 17:03:20,0.81197,4h 18m,31.03,1443.03,-0.5,31.03,1443.03,25.6,1546.1,0.27,13.75,tp 0.81197,IS
926,USDCHF,Buy,12.08.2025 13:15:00,0.81073,0.1,12.08.2025 23:45:00,0.80654,10h 30m,-52.45,1390.58,-0.5,-52.45,1390.58,-41.9,1504.2,-0.46,13.29,Strategy_6_47_153,IS
928,USDCHF,Buy,15.08.2025 03:15:00,0.80777,0.1,15.08.2025 23:45:00,0.80673,20h 30m,-13.39,1377.19,-0.5,-13.39,1377.19,-10.4,1493.8,-0.12,13.18,Strategy_6_47_153,IS
930,USDCHF,Buy,18.08.2025 16:15:00,0.80796,0.1,18.08.2025 23:45:00,0.80705,7h 30m,-11.78,1365.41,-0.5,-11.78,1365.41,-9.1,1484.7,-0.1,13.07,Strategy_6_47_153,IS
932,USDCHF,Buy,19.08.2025 02:45:00,0.80753,0.1,19.08.2025 23:45:00,0.80769,21h 0m,1.48,1366.89,-0.5,1.48,1366.89,1.6,1486.3,0.01,13.09,Strategy_6_47_153,IS
934,USDCHF,Buy,20.08.2025 02:45:00,0.80797,0.1,20.08.2025 23:45:00,0.80409,21h 0m,-48.75,1318.14,-0.5,-48.75,1318.14,-38.8,1447.5,-0.43,12.66,Strategy_6_47_153,IS
936,USDCHF,Buy,26.08.2025 12:00:00,0.80678,0.1,26.08.2025 23:45:00,0.80352,11h 45m,-41.07,1277.07,-0.5,-41.07,1277.07,-32.6,1414.9,-0.36,12.29,Strategy_6_47_153,IS
938,USDCHF,Buy,27.08.2025 09:30:00,0.80536,0.1,27.08.2025 11:31:40,0.80739,2h 1m,24.64,1301.71,-0.5,24.64,1301.71,20.3,1435.2,0.22,12.51,tp 0.80739,IS
940,USDCHF,Buy,29.08.2025 04:45:00,0.80265,0.1,29.08.2025 23:45:00,0.80025,19h 0m,-30.49,1271.22,-0.5,-30.49,1271.22,-24,1411.2,-0.27,12.24,Strategy_6_47_153,IS
942,USDCHF,Buy,03.09.2025 02:45:00,0.80522,0.1,03.09.2025 23:45:00,0.80408,21h 0m,-14.68,1256.54,-0.5,-14.68,1256.54,-11.4,1399.8,-0.13,12.11,Strategy_6_47_153,IS
944,USDCHF,Buy,04.09.2025 14:45:00,0.80582,0.1,04.09.2025 23:45:00,0.80549,9h 0m,-4.6,1251.94,-0.5,-4.6,1251.94,-3.3,1396.5,-0.04,12.07,Strategy_6_47_153,IS
946,USDCHF,Buy,10.09.2025 16:00:00,0.79812,0.1,10.09.2025 23:45:00,0.79902,7h 45m,10.76,1262.7,-0.5,10.76,1262.7,9,1405.5,0.1,12.17,Strategy_6_47_153,IS
948,USDCHF,Buy,15.09.2025 06:15:00,0.79668,0.1,15.09.2025 23:45:00,0.79453,17h 30m,-27.56,1235.14,-0.5,-27.56,1235.14,-21.5,1384,-0.24,11.92,Strategy_6_47_153,IS
950,USDCHF,Buy,18.09.2025 08:00:00,0.79071,0.1,18.09.2025 16:42:40,0.79364,8h 42m,36.42,1271.56,-0.5,36.42,1271.56,29.3,1413.3,0.32,12.25,tp 0.79364,IS
952,USDCHF,Buy,22.09.2025 02:15:00,0.79603,0.1,22.09.2025 23:45:00,0.79232,21h 30m,-47.32,1224.24,-0.5,-47.32,1224.24,-37.1,1376.2,-0.42,11.83,Strategy_6_47_153,IS
954,USDCHF,Buy,24.09.2025 09:45:00,0.79259,0.1,24.09.2025 13:13:40,0.79464,3h 28m,25.3,1249.54,-0.5,25.3,1249.54,20.5,1396.7,0.23,12.05,tp 0.79464,IS
956,USDCHF,Buy,25.09.2025 12:00:00,0.79587,0.1,25.09.2025 15:40:40,0.79887,3h 40m,37.05,1286.59,-0.5,37.05,1286.59,30,1426.7,0.33,12.38,tp 0.79887,IS
958,USDCHF,Buy,01.10.2025 15:00:00,0.79831,0.1,01.10.2025 23:45:00,0.79713,8h 45m,-15.3,1271.29,-0.5,-15.3,1271.29,-11.8,1414.9,-0.14,12.25,Strategy_6_47_153,IS
960,USDCHF,Buy,02.10.2025 17:45:00,0.79835,0.1,02.10.2025 23:45:00,0.79774,6h 0m,-8.15,1263.14,-0.5,-8.15,1263.14,-6.1,1408.8,-0.07,12.17,Strategy_6_47_153,IS
962,USDCHF,Buy,07.10.2025 12:30:00,0.79785,0.1,07.10.2025 23:45:00,0.79833,11h 15m,5.51,1268.65,-0.5,5.51,1268.65,4.8,1413.6,0.05,12.22,Strategy_6_47_153,IS
964,USDCHF,Buy,09.10.2025 08:45:00,0.80088,0.1,09.10.2025 09:41:40,0.80262,56m 40s,21.18,1289.83,-0.5,21.18,1289.83,17.4,1431,0.19,12.41,tp 0.80262,IS
966,USDCHF,Buy,13.10.2025 15:15:00,0.80412,0.1,13.10.2025 23:45:00,0.80413,8h 30m,-0.38,1289.45,-0.5,-0.38,1289.45,0.1,1431.1,-0,12.41,Strategy_6_47_153,IS
968,USDCHF,Buy,14.10.2025 16:00:00,0.80428,0.1,14.10.2025 23:45:00,0.80129,7h 45m,-37.81,1251.64,-0.5,-37.81,1251.64,-29.9,1401.2,-0.33,12.07,Strategy_6_47_153,IS
970,USDCHF,Buy,21.10.2025 07:45:00,0.79329,0.1,21.10.2025 13:19:40,0.79521,5h 34m,23.64,1275.28,-0.5,23.64,1275.28,19.2,1420.4,0.21,12.28,tp 0.79521,IS
972,USDCHF,Buy,22.10.2025 16:30:00,0.7973,0.1,22.10.2025 23:45:00,0.79583,7h 15m,-18.97,1256.31,-0.5,-18.97,1256.31,-14.7,1405.7,-0.17,12.11,Strategy_6_47_153,IS
974,USDCHF,Buy,23.10.2025 04:00:00,0.79641,0.1,23.10.2025 13:45:40,0.79832,9h 45m,23.43,1279.74,-0.5,23.43,1279.74,19.1,1424.8,0.21,12.32,tp 0.79832,IS
976,USDCHF,Buy,27.10.2025 08:00:00,0.79631,0.1,27.10.2025 23:45:00,0.79532,15h 45m,-12.95,1266.79,-0.5,-12.95,1266.79,-9.9,1414.9,-0.11,12.21,Strategy_6_47_153,IS
978,USDCHF,Buy,29.10.2025 12:00:00,0.79674,0.1,29.10.2025 21:36:40,0.79937,9h 36m,32.4,1299.19,-0.5,32.4,1299.19,26.3,1441.2,0.29,12.5,tp 0.79937,IS
980,USDCHF,Buy,30.10.2025 10:15:00,0.79913,0.1,30.10.2025 15:48:40,0.80235,5h 33m,39.63,1338.82,-0.5,39.63,1338.82,32.2,1473.4,0.35,12.85,tp 0.80235,IS
982,USDCHF,Buy,31.10.2025 06:30:00,0.80174,0.1,31.10.2025 15:15:00,0.80383,8h 45m,25.5,1364.32,-0.5,25.5,1364.32,20.9,1494.3,0.22,13.07,tp 0.80383,IS
984,USDCHF,Buy,03.11.2025 16:00:00,0.80836,0.1,03.11.2025 23:45:00,0.80801,7h 45m,-4.83,1359.49,-0.5,-4.83,1359.49,-3.5,1490.8,-0.04,13.03,Strategy_6_47_153,IS
986,USDCHF,Buy,04.11.2025 02:45:00,0.80933,0.1,04.11.2025 23:45:00,0.81029,21h 0m,11.35,1370.84,-0.5,11.35,1370.84,9.6,1500.4,0.1,13.13,Strategy_6_47_153,IS
988,USDCHF,Buy,05.11.2025 12:00:00,0.81061,0.1,05.11.2025 23:45:00,0.81003,11h 45m,-7.66,1363.18,-0.5,-7.66,1363.18,-5.8,1494.6,-0.07,13.06,Strategy_6_47_153,IS
990,USDCHF,Buy,17.11.2025 02:45:00,0.79458,0.1,17.11.2025 23:45:00,0.79601,21h 0m,17.46,1380.64,-0.5,17.46,1380.64,14.3,1508.9,0.15,13.21,Strategy_6_47_153,IS
992,USDCHF,Buy,18.11.2025 03:00:00,0.79611,0.1,18.11.2025 17:55:40,0.79835,14h 55m,27.56,1408.2,-0.5,27.56,1408.2,22.4,1531.3,0.24,13.46,tp 0.79835,IS
994,USDCHF,Buy,19.11.2025 11:30:00,0.80048,0.1,19.11.2025 16:52:40,0.80334,5h 22m,35.1,1443.3,-0.5,35.1,1443.3,28.6,1559.9,0.31,13.76,tp 0.80334,IS
996,USDCHF,Buy,21.11.2025 15:00:00,0.80602,0.1,21.11.2025 18:41:40,0.80983,3h 41m,46.55,1489.85,-0.5,46.55,1489.85,38.1,1598,0.41,14.17,tp 0.80983,IS
998,USDCHF,Buy,24.11.2025 16:00:00,0.80754,0.1,24.11.2025 23:45:00,0.80824,7h 45m,8.16,1498.01,-0.5,8.16,1498.01,7,1605,0.07,14.24,Strategy_6_47_153,IS
1000,USDCHF,Buy,25.11.2025 02:00:00,0.80856,0.1,25.11.2025 23:45:00,0.80759,21h 45m,-12.51,1485.5,-0.5,-12.51,1485.5,-9.7,1595.3,-0.11,14.13,Strategy_6_47_153,IS
1002,USDCHF,Buy,28.11.2025 10:00:00,0.80584,0.1,28.11.2025 23:45:00,0.80295,13h 45m,-36.49,1449.01,-0.5,-36.49,1449.01,-28.9,1566.4,-0.32,13.82,Strategy_6_47_153,IS
1004,USDCHF,Buy,02.12.2025 02:45:00,0.8049,0.1,02.12.2025 23:45:00,0.80312,21h 0m,-22.66,1426.35,-0.5,-22.66,1426.35,-17.8,1548.6,-0.2,13.62,Strategy_6_47_153,IS
1006,USDCHF,Buy,05.12.2025 16:00:00,0.80352,0.1,05.12.2025 23:45:00,0.80463,7h 45m,13.3,1439.65,-0.5,13.3,1439.65,11.1,1559.7,0.12,13.73,Strategy_6_47_153,IS
1008,USDCHF,Buy,08.12.2025 02:15:00,0.80458,0.1,08.12.2025 17:31:40,0.80788,15h 16m,40.35,1480,-0.5,40.35,1480,33,1592.7,0.35,14.09,tp 0.80788,IS
1010,USDCHF,Buy,09.12.2025 13:00:00,0.80641,0.1,09.12.2025 23:45:00,0.80588,10h 45m,-7.08,1472.92,-0.5,-7.08,1472.92,-5.3,1587.4,-0.06,14.03,Strategy_6_47_153,IS
1012,USDCHF,Buy,15.12.2025 07:15:00,0.79609,0.1,15.12.2025 23:45:00,0.79637,16h 30m,3.02,1475.94,-0.5,3.02,1475.94,2.8,1590.2,0.03,14.05,Strategy_6_47_153,IS
1014,USDCHF,Buy,16.12.2025 08:00:00,0.79638,0.1,16.12.2025 23:45:00,0.79512,15h 45m,-16.35,1459.59,-0.5,-16.35,1459.59,-12.6,1577.6,-0.14,13.91,Strategy_6_47_153,IS
1016,USDCHF,Buy,19.12.2025 08:00:00,0.79497,0.1,19.12.2025 23:45:00,0.79548,15h 45m,5.91,1465.5,-0.5,5.91,1465.5,5.1,1582.7,0.05,13.96,Strategy_6_47_153,IS
1018,USDCHF,Buy,29.12.2025 08:00:00,0.78997,0.1,29.12.2025 23:45:00,0.7892,15h 45m,-10.26,1455.24,-0.5,-10.26,1455.24,-7.7,1575,-0.09,13.87,Strategy_6_47_153,IS
1020,USDCHF,Buy,30.12.2025 16:45:00,0.7904,0.1,30.12.2025 23:45:00,0.79204,7h 0m,20.21,1475.45,-0.5,20.21,1475.45,16.4,1591.4,0.18,14.05,Strategy_6_47_153,IS
1022,USDCHF,Sell,02.01.2026 05:45:00,0.79123,0.1,02.01.2026 07:48:40,0.79223,2h 3m,-13.12,1462.33,-0.5,-13.12,1462.33,-10,1581.4,-0.11,13.93,sl 0.79223,IS
1024,USDCHF,Buy,05.01.2026 04:30:00,0.79321,0.1,05.01.2026 11:44:20,0.79651,7h 14m,40.93,1503.26,-0.5,40.93,1503.26,33,1614.4,0.36,14.29,tp 0.79651,IS
1026,USDCHF,Buy,07.01.2026 12:00:00,0.79591,0.1,07.01.2026 23:45:00,0.79771,11h 45m,22.06,1525.32,-0.5,22.06,1525.32,18,1632.4,0.19,14.48,Strategy_6_47_153,IS
1028,USDCHF,Buy,08.01.2026 16:00:00,0.79828,0.1,08.01.2026 23:45:00,0.79881,7h 45m,6.13,1531.45,-0.5,6.13,1531.45,5.3,1637.7,0.05,14.54,Strategy_6_47_153,IS
1030,USDCHF,Buy,12.01.2026 02:00:00,0.80171,0.1,12.01.2026 10:02:40,0.79621,8h 2m,-69.58,1461.87,-0.5,-69.58,1461.87,-55,1582.7,-0.6,13.93,sl 0.79621,IS
1032,USDCHF,Buy,14.01.2026 11:15:00,0.80204,0.1,14.01.2026 23:45:00,0.80015,12h 30m,-24.12,1437.75,-0.5,-24.12,1437.75,-18.9,1563.8,-0.21,13.72,Strategy_6_47_153,IS
1034,USDCHF,Buy,15.01.2026 09:00:00,0.801,0.1,15.01.2026 16:39:40,0.80293,7h 39m,23.54,1461.29,-0.5,23.54,1461.29,19.3,1583.1,0.21,13.93,tp 0.80293,IS
1036,USDCHF,Buy,16.01.2026 04:00:00,0.80335,0.1,16.01.2026 23:45:00,0.80302,19h 45m,-4.61,1456.68,-0.5,-4.61,1456.68,-3.3,1579.8,-0.04,13.89,Strategy_6_47_153,IS
1038,USDCHF,Sell,20.01.2026 14:15:00,0.78943,0.1,20.01.2026 14:49:40,0.79043,34m 40s,-13.15,1443.53,-0.5,-13.15,1443.53,-10,1569.8,-0.11,13.77,sl 0.79043,IS
1040,USDCHF,Buy,30.01.2026 16:30:00,0.76889,0.1,30.01.2026 23:45:00,0.77278,7h 15m,49.84,1493.37,-0.5,49.84,1493.37,38.9,1608.7,0.44,14.21,Strategy_6_47_153,IS
1042,USDCHF,Buy,02.02.2026 02:00:00,0.77376,0.1,02.02.2026 15:39:40,0.77904,13h 39m,67.28,1560.65,-0.5,67.28,1560.65,52.8,1661.5,0.59,14.79,tp 0.77904,IS
1044,USDCHF,Buy,03.02.2026 12:00:00,0.77887,0.1,03.02.2026 23:45:00,0.7751,11h 45m,-49.14,1511.51,-0.5,-49.14,1511.51,-37.7,1623.8,-0.43,14.37,Strategy_6_47_153,IS
1046,USDCHF,Buy,05.02.2026 02:45:00,0.77733,0.1,05.02.2026 23:45:00,0.77828,21h 0m,11.71,1523.22,-0.5,11.71,1523.22,9.5,1633.3,0.1,14.47,Strategy_6_47_153,IS
1048,USDCHF,Buy,06.02.2026 11:00:00,0.77847,0.1,06.02.2026 23:45:00,0.77576,12h 45m,-35.43,1487.79,-0.5,-35.43,1487.79,-27.1,1606.2,-0.31,14.16,Strategy_6_47_153,IS
1050,USDCHF,Buy,11.02.2026 16:00:00,0.77079,0.1,11.02.2026 23:45:00,0.77175,7h 45m,11.94,1499.73,-0.5,11.94,1499.73,9.6,1615.8,0.1,14.27,Strategy_6_47_153,IS
1052,USDCHF,Buy,13.02.2026 07:45:00,0.77011,0.1,13.02.2026 23:45:00,0.76784,16h 0m,-30.06,1469.67,-0.5,-30.06,1469.67,-22.7,1593.1,-0.26,14.01,Strategy_6_47_153,IS
1054,USDCHF,Buy,17.02.2026 10:15:00,0.77048,0.1,17.02.2026 17:01:40,0.77268,6h 46m,27.97,1497.64,-0.5,27.97,1497.64,22,1615.1,0.24,14.25,tp 0.77268,IS
1056,USDCHF,Buy,18.02.2026 06:45:00,0.77109,0.1,18.02.2026 21:00:40,0.77307,14h 15m,25.11,1522.75,-0.5,25.11,1522.75,19.8,1634.9,0.22,14.47,tp 0.77307,IS
1058,USDCHF,Buy,19.02.2026 12:15:00,0.77329,0.1,19.02.2026 15:10:40,0.77587,2h 55m,32.75,1555.5,-0.5,32.75,1555.5,25.8,1660.7,0.28,14.75,tp 0.77587,IS
1060,USDCHF,Buy,20.02.2026 04:00:00,0.7758,0.1,20.02.2026 23:45:00,0.77527,19h 45m,-7.34,1548.16,-0.5,-7.34,1548.16,-5.3,1655.4,-0.06,14.69,Strategy_6_47_153,IS
1062,USDCHF,Buy,23.02.2026 14:45:00,0.77644,0.1,23.02.2026 23:45:00,0.77435,9h 0m,-27.49,1520.67,-0.5,-27.49,1520.67,-20.9,1634.5,-0.24,14.45,Strategy_6_47_153,IS
1064,USDCHF,Buy,25.02.2026 14:15:00,0.7749,0.1,25.02.2026 23:45:00,0.77268,9h 30m,-29.23,1491.44,-0.5,-29.23,1491.44,-22.2,1612.3,-0.25,14.2,Strategy_6_47_153,IS
1066,USDCHF,Buy,26.02.2026 13:00:00,0.77461,0.1,26.02.2026 23:46:00,0.77405,10h 46m,-7.73,1483.71,-0.5,-7.73,1483.71,-5.6,1606.7,-0.07,14.13,Strategy_6_47_153,IS
1068,USDCHF,Buy,02.03.2026 11:15:00,0.77162,0.1,02.03.2026 14:14:40,0.77664,2h 59m,64.14,1547.85,-0.5,64.14,1547.85,50.2,1656.9,0.56,14.69,tp 0.77664,IS
1070,USDCHF,Buy,06.03.2026 13:00:00,0.78156,0.1,06.03.2026 20:18:40,0.77606,7h 18m,-71.37,1476.48,-0.5,-71.37,1476.48,-55,1601.9,-0.62,14.07,sl 0.77606,IS
1072,USDCHF,Buy,09.03.2026 05:00:00,0.78249,0.1,09.03.2026 22:50:20,0.77699,17h 50m,-71.29,1405.19,-0.5,-71.29,1405.19,-55,1546.9,-0.62,13.45,sl 0.77699,IS
1074,USDCHF,Buy,12.03.2026 02:15:00,0.78146,0.1,12.03.2026 21:59:40,0.78556,19h 44m,51.69,1456.88,-0.5,51.69,1456.88,41,1587.9,0.45,13.9,tp 0.78556,IS
